Latest: Time (min),Latest: Dissolved O2 (mg/L),Latest: LED (umol photons/m2/s),Latest: S171 Temp (V) (V),Latest: Temperature (Â°C)
0,2.103725764,-594.9567102,1.315383911,22.67374823
0.016666667,2.103991889,-594.9567102,1.315307617,22.67506729
0.033333333,2.103193512,-594.9567102,1.315460205,22.67242925
0.05,2.104524141,-594.9567102,1.315460205,22.67242925
0.066666667,2.103193512,-594.9567102,1.315460205,22.67242925
0.083333333,2.103725764,-594.9567102,1.315536499,22.67111036
0.1,2.101596756,-594.9567102,1.315460205,22.67242925
0.116666667,2.102129008,-594.9567102,1.315536499,22.67111036
0.133333333,2.103193512,-594.9567102,1.315536499,22.67111036
0.15,2.103193512,-594.9567102,1.315536499,22.67111036
0.166666667,2.10133063,-594.9567102,1.315536499,22.67111036
0.183333333,2.103193512,-594.9567102,1.315536499,22.67111036
0.2,2.102129008,-594.9567102,1.315383911,22.67374823
0.216666667,2.102129008,-594.9567102,1.315307617,22.67506729
0.233333333,2.102129008,-594.9567102,1.315231323,22.67638644
0.25,2.101064504,-594.9567102,1.315383911,22.67374823
0.266666667,2.100798378,-594.9567102,1.315307617,22.67506729
0.283333333,2.100266126,-594.9567102,1.315231323,22.67638644
0.3,2.099733874,-594.9567102,1.315307617,22.67506729
0.316666667,2.099733874,-594.9567102,1.315231323,22.67638644
0.333333333,2.098403244,-594.9567102,1.315078735,22.67902499
0.35,2.099201622,-594.9567102,1.315231323,22.67638644
0.366666667,2.098137118,-594.9567102,1.315231323,22.67638644
0.383333333,2.097604866,-594.9567102,1.315383911,22.67374823
0.4,2.099201622,-594.9567102,1.315307617,22.67506729
0.416666667,2.098935496,-594.9567102,1.315460205,22.67242925
0.433333333,2.09733874,-594.9567102,1.315383911,22.67374823
0.45,2.096274236,-594.9567102,1.315383911,22.67374823
0.466666667,2.096540362,-594.9567102,1.315383911,22.67374823
0.483333333,2.096540362,-594.9567102,1.315307617,22.67506729
0.5,2.094943607,-594.9567102,1.315231323,22.67638644
0.516666667,2.093612977,-594.9567102,1.315155029,22.67770567
0.533333333,2.093879103,-594.9567102,1.315155029,22.67770567
0.55,2.093879103,-594.9567102,1.315078735,22.67902499
0.566666667,2.093612977,-594.9567102,1.315002441,22.6803444
0.583333333,2.092548473,-594.9567102,1.315078735,22.67902499
0.6,2.092016221,-594.9567102,1.315002441,22.6803444
0.616666667,2.090951717,-594.9567102,1.315155029,22.67770567
0.633333333,2.091217843,-594.9567102,1.315002441,22.6803444
0.65,2.091750095,-594.9567102,1.315002441,22.6803444
0.666666667,2.091217843,-594.9567102,1.315078735,22.67902499
0.683333333,2.091217843,-594.9567102,1.315078735,22.67902499
0.7,2.092282347,-594.9567102,1.315155029,22.67770567
0.716666667,2.091483969,-594.9567102,1.315078735,22.67902499
0.733333333,2.092016221,-594.9567102,1.315002441,22.6803444
0.75,2.092282347,-594.9567102,1.315078735,22.67902499
0.766666667,2.092282347,-594.9567102,1.315002441,22.6803444
0.783333333,2.092548473,-594.9567102,1.315155029,22.67770567
0.8,2.092282347,-594.9567102,1.315002441,22.6803444
0.816666667,2.091217843,-594.9567102,1.314926147,22.68166389
0.833333333,2.090685591,-594.9567102,1.315002441,22.6803444
0.85,2.091217843,-594.9567102,1.314926147,22.68166389
0.866666667,2.091483969,-594.9567102,1.315002441,22.6803444
0.883333333,2.091217843,-594.9567102,1.315002441,22.6803444
0.9,2.090685591,-594.9567102,1.315002441,22.6803444
0.916666667,2.089354961,-594.9567102,1.314926147,22.68166389
0.933333333,2.089088835,-594.9567102,1.315002441,22.6803444
0.95,2.088822709,-594.9567102,1.315002441,22.6803444
0.966666667,2.089088835,-594.9567102,1.314849854,22.68298346
0.983333333,2.087758206,-594.9567102,1.314849854,22.68298346
1,2.087758206,-594.9567102,1.315002441,22.6803444
1.016666667,2.087758206,-594.9567102,1.315002441,22.6803444
1.033333333,2.08616145,-594.9567102,1.314849854,22.68298346
1.05,2.08616145,-594.9567102,1.314849854,22.68298346
1.066666667,2.086427576,-594.9567102,1.314849854,22.68298346
1.083333333,2.085895324,-594.9567102,1.314926147,22.68166389
1.1,2.08616145,-594.9567102,1.314849854,22.68298346
1.116666667,2.084564694,-594.9567102,1.314849854,22.68298346
1.133333333,2.085629198,-594.9567102,1.314849854,22.68298346
1.15,2.08616145,-594.9567102,1.314849854,22.68298346
1.166666667,2.085629198,-594.9567102,1.314849854,22.68298346
1.183333333,2.084564694,-594.9567102,1.314849854,22.68298346
1.2,2.082967938,-594.9567102,1.31477356,22.68430313
1.216666667,2.08350019,-594.9567102,1.314849854,22.68298346
1.233333333,2.084032442,-594.9567102,1.31477356,22.68430313
1.25,2.083766316,-594.9567102,1.31477356,22.68430313
1.266666667,2.08216956,-594.9567102,1.314849854,22.68298346
1.283333333,2.08350019,-594.9567102,1.314849854,22.68298346
1.3,2.081637308,-594.9567102,1.31477356,22.68430313
1.316666667,2.08083893,-594.9567102,1.314849854,22.68298346
1.333333333,2.080040553,-594.9567102,1.314849854,22.68298346
1.35,2.080040553,-594.9567102,1.314849854,22.68298346
1.366666667,2.079508301,-594.9567102,1.314849854,22.68298346
1.383333333,2.079774427,-594.9567102,1.314926147,22.68166389
1.4,2.080306678,-594.9567102,1.314697266,22.68562288
1.416666667,2.080572804,-594.9567102,1.314849854,22.68298346
1.433333333,2.079774427,-594.9567102,1.314849854,22.68298346
1.45,2.079242175,-594.9567102,1.314926147,22.68166389
1.466666667,2.078709923,-594.9567102,1.31477356,22.68430313
1.483333333,2.078177671,-594.9567102,1.31477356,22.68430313
1.5,2.078177671,-594.9567102,1.314697266,22.68562288
1.516666667,2.078177671,-594.9567102,1.31477356,22.68430313
1.533333333,2.077911545,-594.9567102,1.314697266,22.68562288
1.55,2.077379293,-594.9567102,1.314697266,22.68562288
1.566666667,2.076847041,-594.9567102,1.314620972,22.68694271
1.583333333,2.076314789,-594.9567102,1.314620972,22.68694271
1.6,2.076580915,-594.9567102,1.314544678,22.68826263
1.616666667,2.076314789,-594.9567102,1.314620972,22.68694271
1.633333333,2.077113167,-594.9567102,1.314697266,22.68562288
1.65,2.076847041,-594.9567102,1.31477356,22.68430313
1.666666667,2.076847041,-594.9567102,1.314544678,22.68826263
1.683333333,2.076314789,-594.9567102,1.314697266,22.68562288
1.7,2.076048663,-594.9567102,1.314697266,22.68562288
1.716666667,2.074185781,-594.9567102,1.314620972,22.68694271
1.733333333,2.074185781,-594.9567102,1.31439209,22.69090274
1.75,2.071524522,-594.9567102,1.314544678,22.68826263
1.766666667,2.070726144,-594.9567102,1.314544678,22.68826263
1.783333333,2.071790648,-594.9567102,1.314315796,22.69222292
1.8,2.073121277,-594.9567102,1.314315796,22.69222292
1.816666667,2.074185781,-594.9567102,1.314315796,22.69222292
1.833333333,2.074718033,-594.9567102,1.314239502,22.69354318
1.85,2.073121277,-594.9567102,1.314315796,22.69222292
1.866666667,2.072589025,-594.9567102,1.31439209,22.69090274
1.883333333,2.070726144,-594.9567102,1.314315796,22.69222292
1.9,2.06966164,-594.9567102,1.314239502,22.69354318
1.916666667,2.067532632,-594.9567102,1.314239502,22.69354318
1.933333333,2.06700038,-594.9567102,1.31439209,22.69090274
1.95,2.067532632,-594.9567102,1.314239502,22.69354318
1.966666667,2.067266506,-594.9567102,1.314315796,22.69222292
1.983333333,2.06700038,-594.9567102,1.314163208,22.69486353
2,2.067266506,-594.9567102,1.314315796,22.69222292
2.016666667,2.069395514,-594.9567102,1.314315796,22.69222292
2.033333333,2.067266506,-594.9567102,1.314239502,22.69354318
2.05,2.069395514,-594.9567102,1.314086914,22.69618397
2.066666667,2.067266506,-594.9567102,1.314239502,22.69354318
2.083333333,2.066734254,-594.9567102,1.314239502,22.69354318
2.1,2.065935876,-594.9567102,1.314239502,22.69354318
2.116666667,2.06700038,-594.9567102,1.314239502,22.69354318
2.133333333,2.066202002,-594.9567102,1.314086914,22.69618397
2.15,2.065137498,-594.9567102,1.314086914,22.69618397
2.166666667,2.063806869,-594.9567102,1.314239502,22.69354318
2.183333333,2.064339121,-594.9567102,1.314239502,22.69354318
2.2,2.064072995,-594.9567102,1.314239502,22.69354318
2.216666667,2.064605246,-594.9567102,1.314315796,22.69222292
2.233333333,2.06566975,-594.9567102,1.314239502,22.69354318
2.25,2.066202002,-594.9567102,1.314239502,22.69354318
2.266666667,2.065935876,-594.9567102,1.314239502,22.69354318
2.283333333,2.065137498,-594.9567102,1.314163208,22.69486353
2.3,2.066202002,-594.9567102,1.314163208,22.69486353
2.316666667,2.066202002,-594.9567102,1.314239502,22.69354318
2.333333333,2.063806869,-594.9567102,1.314239502,22.69354318
2.35,2.063008491,-594.9567102,1.31439209,22.69090274
2.366666667,2.063540743,-594.9567102,1.314239502,22.69354318
2.383333333,2.065403624,-594.9567102,1.314468384,22.68958264
2.4,2.064605246,-594.9567102,1.31439209,22.69090274
2.416666667,2.064072995,-594.9567102,1.314315796,22.69222292
2.433333333,2.063540743,-594.9567102,1.31439209,22.69090274
2.45,2.062476239,-594.9567102,1.314315796,22.69222292
2.466666667,2.063008491,-594.9567102,1.314239502,22.69354318
2.483333333,2.062742365,-594.9567102,1.314315796,22.69222292
2.5,2.062476239,-594.9567102,1.314315796,22.69222292
2.516666667,2.061145609,-594.9567102,1.314315796,22.69222292
2.533333333,2.062210113,-594.9567102,1.314239502,22.69354318
2.55,2.060879483,-594.9567102,1.314086914,22.69618397
2.566666667,2.060081105,-594.9567102,1.314086914,22.69618397
2.583333333,2.058750475,-594.9567102,1.314086914,22.69618397
2.6,2.058750475,-594.9567102,1.31401062,22.6975045
2.616666667,2.059282727,-594.9567102,1.313934326,22.69882511
2.633333333,2.058750475,-594.9567102,1.31401062,22.6975045
2.65,2.058750475,-594.9567102,1.314086914,22.69618397
2.666666667,2.057153719,-594.9567102,1.314086914,22.69618397
2.683333333,2.056621467,-594.9567102,1.314086914,22.69618397
2.7,2.05449246,-594.9567102,1.31401062,22.6975045
2.716666667,2.057952097,-594.9567102,1.313934326,22.69882511
2.733333333,2.056621467,-594.9567102,1.313858032,22.7001458
2.75,2.054758586,-594.9567102,1.313858032,22.7001458
2.766666667,2.054758586,-594.9567102,1.313934326,22.69882511
2.783333333,2.053427956,-594.9567102,1.313858032,22.7001458
2.8,2.052629578,-594.9567102,1.313858032,22.7001458
2.816666667,2.051565074,-594.9567102,1.313858032,22.7001458
2.833333333,2.050234444,-594.9567102,1.313781738,22.70146658
2.85,2.050234444,-594.9567102,1.313705444,22.70278745
2.866666667,2.049702192,-594.9567102,1.313705444,22.70278745
2.883333333,2.049968318,-594.9567102,1.313781738,22.70146658
2.9,2.050234444,-594.9567102,1.313934326,22.69882511
2.916666667,2.050766696,-594.9567102,1.313858032,22.7001458
2.933333333,2.049436066,-594.9567102,1.313858032,22.7001458
2.95,2.049436066,-594.9567102,1.313781738,22.70146658
2.966666667,2.048903814,-594.9567102,1.31362915,22.70410841
2.983333333,2.04916994,-594.9567102,1.313705444,22.70278745
3,2.049968318,-594.9567102,1.31362915,22.70410841
3.016666667,2.049436066,-594.9567102,1.313552856,22.70542945
3.033333333,2.048903814,-594.9567102,1.313552856,22.70542945
3.05,2.047307059,-594.9567102,1.31362915,22.70410841
3.066666667,2.047307059,-594.9567102,1.313552856,22.70542945
3.083333333,2.045444177,-594.9567102,1.313400269,22.70807179
3.1,2.046242555,-594.9567102,1.313552856,22.70542945
3.116666667,2.045178051,-594.9567102,1.313476563,22.70675057
3.133333333,2.046242555,-594.9567102,1.313400269,22.70807179
3.15,2.045976429,-594.9567102,1.313476563,22.70675057
3.166666667,2.046508681,-594.9567102,1.313552856,22.70542945
3.183333333,2.044911925,-594.9567102,1.313552856,22.70542945
3.2,2.047573185,-594.9567102,1.31362915,22.70410841
3.216666667,2.048637689,-594.9567102,1.313552856,22.70542945
3.233333333,2.047040933,-594.9567102,1.313705444,22.70278745
3.25,2.047307059,-594.9567102,1.313552856,22.70542945
3.266666667,2.045444177,-594.9567102,1.313552856,22.70542945
3.283333333,2.046774807,-594.9567102,1.313552856,22.70542945
3.3,2.046508681,-594.9567102,1.313552856,22.70542945
3.316666667,2.044911925,-594.9567102,1.313400269,22.70807179
3.333333333,2.044645799,-594.9567102,1.313476563,22.70675057
3.35,2.044113547,-594.9567102,1.313476563,22.70675057
3.366666667,2.043581295,-594.9567102,1.313552856,22.70542945
3.383333333,2.042782917,-594.9567102,1.313476563,22.70675057
3.4,2.042782917,-594.9567102,1.313552856,22.70542945
3.416666667,2.041452287,-594.9567102,1.313476563,22.70675057
3.433333333,2.042250665,-594.9567102,1.31362915,22.70410841
3.45,2.041452287,-594.9567102,1.31362915,22.70410841
3.466666667,2.041718413,-594.9567102,1.31362915,22.70410841
3.483333333,2.041186161,-594.9567102,1.31362915,22.70410841
3.5,2.040121658,-594.9567102,1.313323975,22.70939309
3.516666667,2.038791028,-594.9567102,1.313171387,22.71203594
3.533333333,2.03932328,-594.9567102,1.313095093,22.7133575
3.55,2.038791028,-594.9567102,1.313095093,22.7133575
3.566666667,2.038258776,-594.9567102,1.313095093,22.7133575
3.583333333,2.03799265,-594.9567102,1.313018799,22.71467915
3.6,2.036928146,-594.9567102,1.313018799,22.71467915
3.616666667,2.036395894,-594.9567102,1.313018799,22.71467915
3.633333333,2.036395894,-594.9567102,1.313018799,22.71467915
3.65,2.035597516,-594.9567102,1.313095093,22.7133575
3.666666667,2.036129768,-594.9567102,1.313018799,22.71467915
3.683333333,2.036129768,-594.9567102,1.313095093,22.7133575
3.7,2.036928146,-594.9567102,1.313171387,22.71203594
3.716666667,2.036395894,-594.9567102,1.313095093,22.7133575
3.733333333,2.036395894,-594.9567102,1.313018799,22.71467915
3.75,2.036395894,-594.9567102,1.312942505,22.71600088
3.766666667,2.034799138,-594.9567102,1.313095093,22.7133575
3.783333333,2.034799138,-594.9567102,1.313171387,22.71203594
3.8,2.035065264,-594.9567102,1.313323975,22.70939309
3.816666667,2.034266886,-594.9567102,1.313323975,22.70939309
3.833333333,2.033734634,-594.9567102,1.313247681,22.71071447
3.85,2.031073375,-594.9567102,1.313247681,22.71071447
3.866666667,2.031339501,-594.9567102,1.313247681,22.71071447
3.883333333,2.028944367,-594.9567102,1.313018799,22.71467915
3.9,2.030008871,-594.9567102,1.313018799,22.71467915
3.916666667,2.029742745,-594.9567102,1.313018799,22.71467915
3.933333333,2.029210493,-594.9567102,1.312942505,22.71600088
3.95,2.030008871,-594.9567102,1.313018799,22.71467915
3.966666667,2.029210493,-594.9567102,1.313018799,22.71467915
3.983333333,2.028145989,-594.9567102,1.312942505,22.71600088
4,2.028678241,-594.9567102,1.313018799,22.71467915
4.016666667,2.030008871,-594.9567102,1.313018799,22.71467915
4.033333333,2.029742745,-594.9567102,1.312942505,22.71600088
4.05,2.030541123,-594.9567102,1.313018799,22.71467915
4.066666667,2.030008871,-594.9567102,1.313018799,22.71467915
4.083333333,2.028678241,-594.9567102,1.313018799,22.71467915
4.1,2.027613737,-594.9567102,1.312942505,22.71600088
4.116666667,2.026815359,-594.9567102,1.312942505,22.71600088
4.133333333,2.026549233,-594.9567102,1.312866211,22.71732269
4.15,2.025750855,-594.9567102,1.312789917,22.7186446
4.166666667,2.0241541,-594.9567102,1.312713623,22.71996659
4.183333333,2.028412115,-594.9567102,1.313018799,22.71467915
4.2,2.024952478,-594.9567102,1.312713623,22.71996659
4.216666667,2.023089596,-594.9567102,1.312789917,22.7186446
4.233333333,2.02282347,-594.9567102,1.312713623,22.71996659
4.25,2.02149284,-594.9567102,1.312866211,22.71732269
4.266666667,2.021758966,-594.9567102,1.312637329,22.72128866
4.283333333,2.023621848,-594.9567102,1.312561035,22.72261082
4.3,2.024686352,-594.9567102,1.312713623,22.71996659
4.316666667,2.023621848,-594.9567102,1.312637329,22.72128866
4.333333333,2.021758966,-594.9567102,1.312713623,22.71996659
4.35,2.02016221,-594.9567102,1.312561035,22.72261082
4.366666667,2.021226714,-594.9567102,1.312713623,22.71996659
4.383333333,2.02016221,-594.9567102,1.312713623,22.71996659
4.4,2.020694462,-594.9567102,1.312713623,22.71996659
4.416666667,2.021226714,-594.9567102,1.312637329,22.72128866
4.433333333,2.020960588,-594.9567102,1.312789917,22.7186446
4.45,2.019896084,-594.9567102,1.312789917,22.7186446
4.466666667,2.020960588,-594.9567102,1.312713623,22.71996659
4.483333333,2.018565454,-594.9567102,1.312637329,22.72128866
4.5,2.019097706,-594.9567102,1.312713623,22.71996659
4.516666667,2.019097706,-594.9567102,1.312942505,22.71600088
4.533333333,2.017234824,-594.9567102,1.312789917,22.7186446
4.55,2.016702573,-594.9567102,1.312942505,22.71600088
4.566666667,2.016170321,-594.9567102,1.312637329,22.72128866
4.583333333,2.016702573,-594.9567102,1.312789917,22.7186446
4.6,2.016702573,-594.9567102,1.312637329,22.72128866
4.616666667,2.016170321,-594.9567102,1.312789917,22.7186446
4.633333333,2.015904195,-594.9567102,1.312561035,22.72261082
4.65,2.016436447,-594.9567102,1.312713623,22.71996659
4.666666667,2.016968699,-594.9567102,1.312789917,22.7186446
4.683333333,2.015904195,-594.9567102,1.312789917,22.7186446
4.7,2.015638069,-594.9567102,1.312866211,22.71732269
4.716666667,2.014573565,-594.9567102,1.312713623,22.71996659
4.733333333,2.014307439,-594.9567102,1.312713623,22.71996659
4.75,2.014839691,-594.9567102,1.312637329,22.72128866
4.766666667,2.014307439,-594.9567102,1.312484741,22.72393307
4.783333333,2.011912305,-594.9567102,1.312561035,22.72261082
4.8,2.011912305,-594.9567102,1.312637329,22.72128866
4.816666667,2.010315549,-594.9567102,1.312561035,22.72261082
4.833333333,2.010847801,-594.9567102,1.312637329,22.72128866
4.85,2.010847801,-594.9567102,1.312561035,22.72261082
4.866666667,2.009783297,-594.9567102,1.312484741,22.72393307
4.883333333,2.008186542,-594.9567102,1.312637329,22.72128866
4.9,2.00898492,-594.9567102,1.312561035,22.72261082
4.916666667,2.008186542,-594.9567102,1.312713623,22.71996659
4.933333333,2.00898492,-594.9567102,1.312713623,22.71996659
4.95,2.008718794,-594.9567102,1.312866211,22.71732269
4.966666667,2.007920416,-594.9567102,1.312789917,22.7186446
4.983333333,2.00765429,-594.9567102,1.312866211,22.71732269
5,2.008452668,-594.9567102,1.313018799,22.71467915
5.016666667,2.007388164,50.55416779,1.312942505,22.71600088
5.033333333,2.004726904,50.55416779,1.313018799,22.71467915
5.05,2.004194652,50.5124762,1.312789917,22.7186446
5.066666667,2.004194652,50.59585938,1.312789917,22.7186446
5.083333333,2.004726904,50.55416779,1.312713623,22.71996659
5.1,2.004194652,50.55416779,1.312942505,22.71600088
5.116666667,2.005259156,50.5124762,1.312866211,22.71732269
5.133333333,2.004726904,50.5124762,1.313018799,22.71467915
5.15,2.004726904,50.55416779,1.313171387,22.71203594
5.166666667,2.007388164,50.55416779,1.313171387,22.71203594
5.183333333,2.006855912,50.59585938,1.313095093,22.7133575
5.2,2.00632366,50.63755096,1.313018799,22.71467915
5.216666667,2.004460778,50.59585938,1.313018799,22.71467915
5.233333333,2.005525282,50.55416779,1.313095093,22.7133575
5.25,2.006057534,50.5124762,1.312942505,22.71600088
5.266666667,2.008718794,50.59585938,1.313018799,22.71467915
5.283333333,2.007122038,50.63755096,1.313018799,22.71467915
5.3,2.007388164,50.63755096,1.313018799,22.71467915
5.316666667,2.005259156,50.55416779,1.313018799,22.71467915
5.333333333,2.005791408,50.55416779,1.313095093,22.7133575
5.35,2.003928526,50.63755096,1.313095093,22.7133575
5.366666667,2.0036624,50.63755096,1.313323975,22.70939309
5.383333333,2.002864022,50.59585938,1.313095093,22.7133575
5.4,2.003928526,50.55416779,1.313018799,22.71467915
5.416666667,2.005259156,50.55416779,1.313171387,22.71203594
5.433333333,2.005259156,50.47078461,1.313171387,22.71203594
5.45,2.00499303,50.5124762,1.313095093,22.7133575
5.466666667,2.004460778,50.63755096,1.313095093,22.7133575
5.483333333,2.0036624,50.55416779,1.313018799,22.71467915
5.5,2.00499303,50.59585938,1.313095093,22.7133575
5.516666667,2.0036624,50.59585938,1.313018799,22.71467915
5.533333333,2.002864022,50.59585938,1.313018799,22.71467915
5.55,2.003396274,50.59585938,1.313018799,22.71467915
5.566666667,2.003130148,50.59585938,1.313018799,22.71467915
5.583333333,2.004460778,50.59585938,1.313171387,22.71203594
5.6,2.004726904,50.59585938,1.313323975,22.70939309
5.616666667,2.005259156,50.67924255,1.313095093,22.7133575
5.633333333,2.004194652,50.63755096,1.313095093,22.7133575
5.65,2.003928526,50.55416779,1.313018799,22.71467915
5.666666667,2.003396274,50.55416779,1.313095093,22.7133575
5.683333333,2.003130148,50.67924255,1.313095093,22.7133575
5.7,2.003396274,50.55416779,1.313018799,22.71467915
5.716666667,2.002065644,50.63755096,1.313095093,22.7133575
5.733333333,2.002864022,50.59585938,1.313018799,22.71467915
5.75,2.002864022,50.59585938,1.313171387,22.71203594
5.766666667,2.004194652,50.67924255,1.313247681,22.71071447
5.783333333,2.003928526,50.67924255,1.313095093,22.7133575
5.8,2.0036624,50.63755096,1.313171387,22.71203594
5.816666667,2.003928526,50.63755096,1.313247681,22.71071447
5.833333333,2.003928526,50.63755096,1.313018799,22.71467915
5.85,2.003396274,50.59585938,1.313018799,22.71467915
5.866666667,2.003396274,50.67924255,1.312942505,22.71600088
5.883333333,2.002597896,50.59585938,1.313171387,22.71203594
5.9,2.004726904,50.55416779,1.313095093,22.7133575
5.916666667,2.003396274,50.55416779,1.313247681,22.71071447
5.933333333,2.00632366,50.5124762,1.313095093,22.7133575
5.95,2.006057534,50.59585938,1.313095093,22.7133575
5.966666667,2.006855912,50.55416779,1.313018799,22.71467915
5.983333333,2.006057534,50.55416779,1.313095093,22.7133575
6,2.005791408,50.67924255,1.313247681,22.71071447
6.016666667,2.006057534,50.59585938,1.313247681,22.71071447
6.033333333,2.006057534,50.67924255,1.313247681,22.71071447
6.05,2.006057534,50.59585938,1.313171387,22.71203594
6.066666667,2.005791408,50.67924255,1.313171387,22.71203594
6.083333333,2.005259156,50.63755096,1.313171387,22.71203594
6.1,2.004460778,50.67924255,1.313247681,22.71071447
6.116666667,2.005259156,50.72093414,1.313247681,22.71071447
6.133333333,2.00233177,50.63755096,1.313247681,22.71071447
6.15,2.00233177,50.63755096,1.313323975,22.70939309
6.166666667,2.003396274,50.63755096,1.313247681,22.71071447
6.183333333,2.005259156,50.63755096,1.313323975,22.70939309
6.2,2.00632366,50.67924255,1.313323975,22.70939309
6.216666667,2.003928526,50.59585938,1.313247681,22.71071447
6.233333333,2.00233177,50.63755096,1.313247681,22.71071447
6.25,2.0036624,50.63755096,1.313323975,22.70939309
6.266666667,2.0036624,50.63755096,1.313247681,22.71071447
6.283333333,2.004194652,50.55416779,1.313323975,22.70939309
6.3,2.005791408,50.63755096,1.313323975,22.70939309
6.316666667,2.007122038,50.67924255,1.313323975,22.70939309
6.333333333,2.005791408,50.55416779,1.313247681,22.71071447
6.35,2.003928526,50.5124762,1.313171387,22.71203594
6.366666667,2.005259156,50.59585938,1.313476563,22.70675057
6.383333333,2.007122038,50.5124762,1.313247681,22.71071447
6.4,2.007122038,50.55416779,1.313247681,22.71071447
6.416666667,2.007388164,50.55416779,1.313171387,22.71203594
6.433333333,2.007920416,50.63755096,1.313323975,22.70939309
6.45,2.00765429,50.63755096,1.313247681,22.71071447
6.466666667,2.007920416,50.59585938,1.313247681,22.71071447
6.483333333,2.00898492,50.67924255,1.313400269,22.70807179
6.5,2.009251045,50.72093414,1.313400269,22.70807179
6.516666667,2.009783297,50.67924255,1.313323975,22.70939309
6.533333333,2.010049423,50.63755096,1.313323975,22.70939309
6.55,2.007388164,50.55416779,1.313552856,22.70542945
6.566666667,2.00632366,50.59585938,1.313552856,22.70542945
6.583333333,2.005525282,50.67924255,1.313552856,22.70542945
6.6,2.0036624,50.59585938,1.313400269,22.70807179
6.616666667,2.005791408,50.67924255,1.313552856,22.70542945
6.633333333,2.005791408,50.72093414,1.313476563,22.70675057
6.65,2.00632366,50.63755096,1.313552856,22.70542945
6.666666667,2.00632366,50.67924255,1.313552856,22.70542945
6.683333333,2.006589786,50.63755096,1.313552856,22.70542945
6.7,2.003928526,50.59585938,1.313323975,22.70939309
6.716666667,2.00499303,50.76262573,1.313323975,22.70939309
6.733333333,2.00499303,50.67924255,1.313476563,22.70675057
6.75,2.005791408,50.67924255,1.313400269,22.70807179
6.766666667,2.004460778,50.47078461,1.313476563,22.70675057
6.783333333,2.002065644,50.55416779,1.313400269,22.70807179
6.8,2.00233177,50.59585938,1.313400269,22.70807179
6.816666667,2.002065644,50.63755096,1.313476563,22.70675057
6.833333333,2.0036624,50.67924255,1.313400269,22.70807179
6.85,2.005525282,50.59585938,1.313476563,22.70675057
6.866666667,2.007388164,50.55416779,1.313552856,22.70542945
6.883333333,2.00632366,50.67924255,1.313705444,22.70278745
6.9,2.00499303,50.59585938,1.313781738,22.70146658
6.916666667,2.005525282,50.67924255,1.313781738,22.70146658
6.933333333,2.002864022,50.67924255,1.313781738,22.70146658
6.95,2.002597896,50.67924255,1.313934326,22.69882511
6.966666667,2.002065644,50.67924255,1.31401062,22.6975045
6.983333333,2.0036624,50.72093414,1.313934326,22.69882511
7,2.005525282,50.67924255,1.314086914,22.69618397
7.016666667,2.006589786,50.59585938,1.314086914,22.69618397
7.033333333,2.008718794,50.63755096,1.31401062,22.6975045
7.05,2.008186542,50.59585938,1.313781738,22.70146658
7.066666667,2.007388164,50.63755096,1.313781738,22.70146658
7.083333333,2.006057534,50.55416779,1.313781738,22.70146658
7.1,2.006057534,50.59585938,1.313934326,22.69882511
7.116666667,2.006057534,50.63755096,1.313934326,22.69882511
7.133333333,2.005791408,50.63755096,1.31401062,22.6975045
7.15,2.005259156,50.63755096,1.313858032,22.7001458
7.166666667,2.007122038,50.59585938,1.313858032,22.7001458
7.183333333,2.00499303,50.59585938,1.31401062,22.6975045
7.2,2.00499303,50.59585938,1.31401062,22.6975045
7.216666667,2.004460778,50.59585938,1.313858032,22.7001458
7.233333333,2.004726904,50.59585938,1.313705444,22.70278745
7.25,2.005259156,50.63755096,1.313247681,22.71071447
7.266666667,2.005259156,50.55416779,1.313400269,22.70807179
7.283333333,2.005525282,50.55416779,1.313400269,22.70807179
7.3,2.005259156,50.63755096,1.313400269,22.70807179
7.316666667,2.005791408,50.67924255,1.313400269,22.70807179
7.333333333,2.004460778,50.63755096,1.313400269,22.70807179
7.35,2.004726904,50.63755096,1.313323975,22.70939309
7.366666667,2.0036624,50.59585938,1.313400269,22.70807179
7.383333333,2.0036624,50.67924255,1.313476563,22.70675057
7.4,2.002597896,50.59585938,1.31362915,22.70410841
7.416666667,2.002864022,50.67924255,1.313781738,22.70146658
7.433333333,2.003396274,50.63755096,1.313858032,22.7001458
7.45,2.004726904,50.55416779,1.313934326,22.69882511
7.466666667,2.00499303,50.63755096,1.313858032,22.7001458
7.483333333,2.005259156,50.55416779,1.313934326,22.69882511
7.5,2.005259156,50.59585938,1.313781738,22.70146658
7.516666667,2.00499303,50.67924255,1.313705444,22.70278745
7.533333333,2.00499303,50.59585938,1.313705444,22.70278745
7.55,2.006589786,50.59585938,1.313781738,22.70146658
7.566666667,2.005525282,50.59585938,1.313705444,22.70278745
7.583333333,2.004460778,50.59585938,1.313705444,22.70278745
7.6,2.001267267,50.59585938,1.313552856,22.70542945
7.616666667,2.001799518,50.72093414,1.313705444,22.70278745
7.633333333,2.00233177,50.59585938,1.313552856,22.70542945
7.65,2.00233177,50.63755096,1.31362915,22.70410841
7.666666667,2.002597896,50.63755096,1.31362915,22.70410841
7.683333333,2.003130148,50.63755096,1.31362915,22.70410841
7.7,2.002597896,50.63755096,1.31362915,22.70410841
7.716666667,2.002597896,50.67924255,1.31362915,22.70410841
7.733333333,2.003928526,50.67924255,1.313705444,22.70278745
7.75,2.002065644,50.59585938,1.313858032,22.7001458
7.766666667,2.003130148,50.67924255,1.313781738,22.70146658
7.783333333,2.00233177,50.67924255,1.313781738,22.70146658
7.8,2.004194652,50.59585938,1.313858032,22.7001458
7.816666667,2.004460778,50.67924255,1.313781738,22.70146658
7.833333333,2.005259156,50.63755096,1.313781738,22.70146658
7.85,2.006589786,50.63755096,1.31401062,22.6975045
7.866666667,2.005259156,50.59585938,1.31401062,22.6975045
7.883333333,2.005259156,50.59585938,1.314086914,22.69618397
7.9,2.005525282,50.63755096,1.314239502,22.69354318
7.916666667,2.006057534,50.55416779,1.314239502,22.69354318
7.933333333,2.0036624,50.59585938,1.314239502,22.69354318
7.95,2.003396274,50.55416779,1.314468384,22.68958264
7.966666667,2.003928526,50.63755096,1.314239502,22.69354318
7.983333333,2.00233177,50.63755096,1.31439209,22.69090274
8,2.001533392,50.67924255,1.314468384,22.68958264
8.016666667,2.006057534,50.72093414,1.31439209,22.69090274
8.033333333,2.00632366,50.67924255,1.314544678,22.68826263
8.05,2.005791408,50.63755096,1.314544678,22.68826263
8.066666667,2.004726904,50.63755096,1.314697266,22.68562288
8.083333333,2.003130148,50.67924255,1.314697266,22.68562288
8.1,2.003130148,50.67924255,1.314620972,22.68694271
8.116666667,2.003396274,50.80431732,1.314620972,22.68694271
8.133333333,2.005791408,50.76262573,1.314849854,22.68298346
8.15,2.005525282,50.63755096,1.31477356,22.68430313
8.166666667,2.00632366,50.63755096,1.314697266,22.68562288
8.183333333,2.004726904,50.67924255,1.314697266,22.68562288
8.2,2.0036624,50.63755096,1.314697266,22.68562288
8.216666667,2.002597896,50.63755096,1.314620972,22.68694271
8.233333333,2.001267267,50.63755096,1.314849854,22.68298346
8.25,2.003130148,50.59585938,1.314849854,22.68298346
8.266666667,2.005791408,50.63755096,1.31477356,22.68430313
8.283333333,2.007920416,50.59585938,1.314849854,22.68298346
8.3,2.006057534,50.59585938,1.314849854,22.68298346
8.316666667,2.006589786,50.59585938,1.314849854,22.68298346
8.333333333,2.005525282,50.67924255,1.31477356,22.68430313
8.35,2.003928526,50.67924255,1.314849854,22.68298346
8.366666667,2.004726904,50.63755096,1.314849854,22.68298346
8.383333333,2.003928526,50.63755096,1.314849854,22.68298346
8.4,2.002864022,50.63755096,1.314926147,22.68166389
8.416666667,2.002065644,50.72093414,1.314926147,22.68166389
8.433333333,2.002597896,50.67924255,1.31477356,22.68430313
8.45,2.003130148,50.72093414,1.314926147,22.68166389
8.466666667,2.005259156,50.72093414,1.314849854,22.68298346
8.483333333,2.006057534,50.63755096,1.314849854,22.68298346
8.5,2.007920416,50.55416779,1.314849854,22.68298346
8.516666667,2.00632366,50.67924255,1.315078735,22.67902499
8.533333333,2.006589786,50.67924255,1.315002441,22.6803444
8.55,2.006855912,50.67924255,1.315078735,22.67902499
8.566666667,2.00632366,50.67924255,1.315155029,22.67770567
8.583333333,2.005791408,50.67924255,1.315078735,22.67902499
8.6,2.005791408,50.67924255,1.315078735,22.67902499
8.616666667,2.004460778,50.67924255,1.315155029,22.67770567
8.633333333,2.005791408,50.72093414,1.315155029,22.67770567
8.65,2.006855912,50.76262573,1.315078735,22.67902499
8.666666667,2.007122038,50.63755096,1.315078735,22.67902499
8.683333333,2.00499303,50.67924255,1.315078735,22.67902499
8.7,2.006057534,50.5124762,1.315002441,22.6803444
8.716666667,2.005791408,50.5124762,1.315078735,22.67902499
8.733333333,2.003396274,50.55416779,1.314926147,22.68166389
8.75,2.003396274,50.63755096,1.315002441,22.6803444
8.766666667,2.002597896,50.55416779,1.314926147,22.68166389
8.783333333,2.003130148,50.67924255,1.315078735,22.67902499
8.8,2.004460778,50.63755096,1.315002441,22.6803444
8.816666667,2.00632366,50.63755096,1.315155029,22.67770567
8.833333333,2.004460778,50.67924255,1.315078735,22.67902499
8.85,2.005791408,50.72093414,1.315155029,22.67770567
8.866666667,2.007388164,50.67924255,1.315155029,22.67770567
8.883333333,2.00765429,50.59585938,1.315231323,22.67638644
8.9,2.005791408,50.67924255,1.315231323,22.67638644
8.916666667,2.006855912,50.67924255,1.315307617,22.67506729
8.933333333,2.007122038,50.67924255,1.315460205,22.67242925
8.95,2.007920416,50.72093414,1.315307617,22.67506729
8.966666667,2.006057534,50.63755096,1.315078735,22.67902499
8.983333333,2.00499303,50.67924255,1.315078735,22.67902499
9,2.004460778,50.59585938,1.315078735,22.67902499
9.016666667,2.004460778,50.59585938,1.315078735,22.67902499
9.033333333,2.0036624,50.67924255,1.315231323,22.67638644
9.05,2.004460778,50.63755096,1.315231323,22.67638644
9.066666667,2.005259156,50.63755096,1.315383911,22.67374823
9.083333333,2.00632366,50.55416779,1.315307617,22.67506729
9.1,2.005791408,50.63755096,1.315536499,22.67111036
9.116666667,2.005791408,50.63755096,1.315460205,22.67242925
9.133333333,2.007122038,50.67924255,1.315460205,22.67242925
9.15,2.005259156,50.59585938,1.315383911,22.67374823
9.166666667,2.005259156,50.72093414,1.315383911,22.67374823
9.183333333,2.007388164,50.67924255,1.315383911,22.67374823
9.2,2.008718794,50.67924255,1.315383911,22.67374823
9.216666667,2.008452668,50.67924255,1.315612793,22.66979156
9.233333333,2.008718794,50.67924255,1.315689087,22.66847284
9.25,2.009783297,50.72093414,1.315689087,22.66847284
9.266666667,2.009251045,50.63755096,1.315460205,22.67242925
9.283333333,2.008718794,50.67924255,1.315689087,22.66847284
9.3,2.009783297,50.80431732,1.315689087,22.66847284
9.316666667,2.009517171,50.72093414,1.315841675,22.66583566
9.333333333,2.010049423,50.63755096,1.315765381,22.66715421
9.35,2.009517171,50.67924255,1.315841675,22.66583566
9.366666667,2.008452668,50.63755096,1.315917969,22.6645172
9.383333333,2.008718794,50.67924255,1.315765381,22.66715421
9.4,2.008452668,50.59585938,1.315460205,22.67242925
9.416666667,2.008718794,50.59585938,1.315689087,22.66847284
9.433333333,2.007920416,50.63755096,1.315765381,22.66715421
9.45,2.00765429,50.63755096,1.315689087,22.66847284
9.466666667,2.007388164,50.59585938,1.315765381,22.66715421
9.483333333,2.008186542,50.55416779,1.315841675,22.66583566
9.5,2.00765429,50.63755096,1.315841675,22.66583566
9.516666667,2.009783297,50.67924255,1.315765381,22.66715421
9.533333333,2.008186542,50.63755096,1.315917969,22.6645172
9.55,2.008718794,50.59585938,1.315994263,22.66319882
9.566666667,2.008186542,50.67924255,1.315917969,22.6645172
9.583333333,2.007920416,50.63755096,1.315994263,22.66319882
9.6,2.007920416,50.63755096,1.315841675,22.66583566
9.616666667,2.005791408,50.5124762,1.315917969,22.6645172
9.633333333,2.006589786,50.67924255,1.315994263,22.66319882
9.65,2.007920416,50.72093414,1.316070557,22.66188054
9.666666667,2.006057534,50.67924255,1.316070557,22.66188054
9.683333333,2.00632366,50.67924255,1.316146851,22.66056233
9.7,2.006855912,50.67924255,1.316146851,22.66056233
9.716666667,2.00632366,50.67924255,1.316223145,22.65924422
9.733333333,2.005791408,50.63755096,1.316223145,22.65924422
9.75,2.00632366,50.63755096,1.316146851,22.66056233
9.766666667,2.006057534,50.72093414,1.316146851,22.66056233
9.783333333,2.006855912,50.67924255,1.316223145,22.65924422
9.8,2.005525282,50.63755096,1.316070557,22.66188054
9.816666667,2.006855912,50.67924255,1.316223145,22.65924422
9.833333333,2.00765429,50.59585938,1.316223145,22.65924422
9.85,2.008718794,50.67924255,1.316223145,22.65924422
9.866666667,2.00898492,50.59585938,1.316375732,22.65660824
9.883333333,2.009517171,50.67924255,1.316375732,22.65660824
9.9,2.009517171,50.63755096,1.316299438,22.65792618
9.916666667,2.011113927,50.63755096,1.316375732,22.65660824
9.933333333,2.009251045,50.63755096,1.316452026,22.65529038
9.95,2.009251045,50.63755096,1.316604614,22.65265492
9.966666667,2.010049423,50.76262573,1.31652832,22.6539726
9.983333333,2.009517171,50.72093414,1.316604614,22.65265492
10,2.008718794,48.38620514,1.316604614,22.65265492
10.01666667,2.00632366,-204.9735834,1.316680908,22.65133731
10.03333333,2.004460778,-361.9007257,1.316375732,22.65660824
10.05,2.00765429,-452.4131662,1.316375732,22.65660824
10.06666667,2.006589786,-506.9040735,1.31652832,22.6539726
10.08333333,2.005791408,-541.9250085,1.316452026,22.65529038
10.1,2.006855912,-562.9792612,1.316223145,22.65924422
10.11666667,2.006855912,-576.2788782,1.316375732,22.65660824
10.13333333,2.007388164,-584.7005792,1.316452026,22.65529038
10.15,2.008186542,-590.1621774,1.316375732,22.65660824
10.16666667,2.006855912,-593.455813,1.316452026,22.65529038
10.18333333,2.007920416,-594.9567102,1.316604614,22.65265492
10.2,2.008186542,-594.9567102,1.316604614,22.65265492
10.21666667,2.006589786,-594.9567102,1.316604614,22.65265492
10.23333333,2.006855912,-594.9567102,1.316680908,22.65133731
10.25,2.005791408,-594.9567102,1.31652832,22.6539726
10.26666667,2.00499303,-594.9567102,1.316604614,22.65265492
10.28333333,2.006589786,-594.9567102,1.316604614,22.65265492
10.3,2.005525282,-594.9567102,1.316604614,22.65265492
10.31666667,2.002864022,-594.9567102,1.31652832,22.6539726
10.33333333,2.001533392,-594.9567102,1.316604614,22.65265492
10.35,2.001267267,-594.9567102,1.316604614,22.65265492
10.36666667,2.001267267,-594.9567102,1.316604614,22.65265492
10.38333333,2.001799518,-594.9567102,1.316833496,22.64870236
10.4,2.002864022,-594.9567102,1.316757202,22.6500198
10.41666667,2.003130148,-594.9567102,1.316833496,22.64870236
10.43333333,2.001533392,-594.9567102,1.316986084,22.64606776
10.45,2.002864022,-594.9567102,1.316833496,22.64870236
10.46666667,2.002065644,-594.9567102,1.316833496,22.64870236
10.48333333,2.001267267,-594.9567102,1.316757202,22.6500198
10.5,2.001001141,-594.9567102,1.31690979,22.64738502
10.51666667,1.999936637,-594.9567102,1.31690979,22.64738502
10.53333333,1.998073755,-594.9567102,1.316680908,22.65133731
10.55,1.998073755,-594.9567102,1.316757202,22.6500198
10.56666667,1.997807629,-594.9567102,1.316833496,22.64870236
10.58333333,1.998073755,-594.9567102,1.316680908,22.65133731
10.6,1.995678621,-594.9567102,1.316757202,22.6500198
10.61666667,1.997275377,-594.9567102,1.31690979,22.64738502
10.63333333,1.996210873,-594.9567102,1.31690979,22.64738502
10.65,1.995146369,-594.9567102,1.31690979,22.64738502
10.66666667,1.994614117,-594.9567102,1.316986084,22.64606776
10.68333333,1.994614117,-594.9567102,1.316680908,22.65133731
10.7,1.993549613,-594.9567102,1.316757202,22.6500198
10.71666667,1.994347991,-594.9567102,1.316757202,22.6500198
10.73333333,1.994347991,-594.9567102,1.316680908,22.65133731
10.75,1.994880243,-594.9567102,1.316757202,22.6500198
10.76666667,1.993549613,-594.9567102,1.31690979,22.64738502
10.78333333,1.993549613,-594.9567102,1.316757202,22.6500198
10.8,1.991420606,-594.9567102,1.316757202,22.6500198
10.81666667,1.990888354,-594.9567102,1.31690979,22.64738502
10.83333333,1.992218984,-594.9567102,1.31652832,22.6539726
10.85,1.991420606,-594.9567102,1.316680908,22.65133731
10.86666667,1.991420606,-594.9567102,1.316757202,22.6500198
10.88333333,1.991420606,-594.9567102,1.317138672,22.6434335
10.9,1.990089976,-594.9567102,1.31729126,22.64079958
10.91666667,1.989025472,-594.9567102,1.317214966,22.64211649
10.93333333,1.99115448,-594.9567102,1.317367554,22.63948275
10.95,1.990089976,-594.9567102,1.317520142,22.63684934
10.96666667,1.99115448,-594.9567102,1.317520142,22.63684934
10.98333333,1.989557724,-594.9567102,1.31729126,22.64079958
11,1.989557724,-594.9567102,1.317214966,22.64211649
11.01666667,1.990888354,-594.9567102,1.317138672,22.6434335
11.03333333,1.990888354,-594.9567102,1.317062378,22.64475059
11.05,1.98982385,-594.9567102,1.317138672,22.6434335
11.06666667,1.990356102,-594.9567102,1.317062378,22.64475059
11.08333333,1.989025472,-594.9567102,1.31690979,22.64738502
11.1,1.98849322,-594.9567102,1.316680908,22.65133731
11.11666667,1.987960968,-594.9567102,1.316375732,22.65660824
11.13333333,1.986630338,-594.9567102,1.316375732,22.65660824
11.15,1.984501331,-594.9567102,1.316452026,22.65529038
11.16666667,1.985033583,-594.9567102,1.316375732,22.65660824
11.18333333,1.984501331,-594.9567102,1.316375732,22.65660824
11.2,1.983969079,-594.9567102,1.31652832,22.6539726
11.21666667,1.983969079,-594.9567102,1.316604614,22.65265492
11.23333333,1.982904575,-594.9567102,1.316452026,22.65529038
11.25,1.983170701,-594.9567102,1.316375732,22.65660824
11.26666667,1.983702953,-594.9567102,1.31652832,22.6539726
11.28333333,1.982904575,-594.9567102,1.316375732,22.65660824
11.3,1.983969079,-594.9567102,1.316299438,22.65792618
11.31666667,1.983170701,-594.9567102,1.31652832,22.6539726
11.33333333,1.983170701,-594.9567102,1.316299438,22.65792618
11.35,1.983969079,-594.9567102,1.316375732,22.65660824
11.36666667,1.981573945,-594.9567102,1.316452026,22.65529038
11.38333333,1.982106197,-594.9567102,1.316223145,22.65924422
11.4,1.981307819,-594.9567102,1.316375732,22.65660824
11.41666667,1.981041693,-594.9567102,1.316452026,22.65529038
11.43333333,1.980243315,-594.9567102,1.316299438,22.65792618
11.45,1.978912685,-594.9567102,1.316452026,22.65529038
11.46666667,1.97731593,-594.9567102,1.316375732,22.65660824
11.48333333,1.976251426,-594.9567102,1.316375732,22.65660824
11.5,1.979977189,-594.9567102,1.316146851,22.66056233
11.51666667,1.979444937,-594.9567102,1.316375732,22.65660824
11.53333333,1.978380433,-594.9567102,1.316299438,22.65792618
11.55,1.977582056,-594.9567102,1.316299438,22.65792618
11.56666667,1.976517552,-594.9567102,1.316375732,22.65660824
11.58333333,1.97731593,-594.9567102,1.316223145,22.65924422
11.6,1.978380433,-594.9567102,1.316223145,22.65924422
11.61666667,1.978114307,-594.9567102,1.316299438,22.65792618
11.63333333,1.975719174,-594.9567102,1.316223145,22.65924422
11.65,1.977049804,-594.9567102,1.316452026,22.65529038
11.66666667,1.975719174,-594.9567102,1.316299438,22.65792618
11.68333333,1.975186922,-594.9567102,1.316375732,22.65660824
11.7,1.974122418,-594.9567102,1.316146851,22.66056233
11.71666667,1.974388544,-594.9567102,1.316299438,22.65792618
11.73333333,1.974388544,-594.9567102,1.316299438,22.65792618
11.75,1.972525662,-594.9567102,1.316299438,22.65792618
11.76666667,1.973057914,-594.9567102,1.316375732,22.65660824
11.78333333,1.973590166,-594.9567102,1.316299438,22.65792618
11.8,1.973057914,-594.9567102,1.316223145,22.65924422
11.81666667,1.974122418,-594.9567102,1.316299438,22.65792618
11.83333333,1.97066278,-594.9567102,1.316299438,22.65792618
11.85,1.969332151,-594.9567102,1.316070557,22.66188054
11.86666667,1.969332151,-594.9567102,1.315994263,22.66319882
11.88333333,1.970396654,-594.9567102,1.316223145,22.65924422
11.9,1.969066025,-594.9567102,1.316146851,22.66056233
11.91666667,1.969332151,-594.9567102,1.316070557,22.66188054
11.93333333,1.966404765,-594.9567102,1.316070557,22.66188054
11.95,1.966670891,-594.9567102,1.316146851,22.66056233
11.96666667,1.965872513,-594.9567102,1.315994263,22.66319882
11.98333333,1.965074135,-594.9567102,1.315994263,22.66319882
12,1.960549994,-594.9567102,1.315994263,22.66319882
12.01666667,1.959751616,-594.9567102,1.316070557,22.66188054
12.03333333,1.961880624,-594.9567102,1.315917969,22.6645172
12.05,1.961614498,-594.9567102,1.315765381,22.66715421
12.06666667,1.962679001,-594.9567102,1.315536499,22.67111036
12.08333333,1.963743505,-594.9567102,1.315612793,22.66979156
12.1,1.963477379,-594.9567102,1.315536499,22.67111036
12.11666667,1.963211253,-594.9567102,1.315460205,22.67242925
12.13333333,1.963743505,-594.9567102,1.315612793,22.66979156
12.15,1.964009631,-594.9567102,1.315689087,22.66847284
12.16666667,1.965074135,-594.9567102,1.315765381,22.66715421
12.18333333,1.965340261,-594.9567102,1.315765381,22.66715421
12.2,1.964541883,-594.9567102,1.315765381,22.66715421
12.21666667,1.962412875,-594.9567102,1.315765381,22.66715421
12.23333333,1.960549994,-594.9567102,1.315841675,22.66583566
12.25,1.959751616,-594.9567102,1.315841675,22.66583566
12.26666667,1.959751616,-594.9567102,1.315994263,22.66319882
12.28333333,1.958420986,-594.9567102,1.315917969,22.6645172
12.3,1.957090356,-594.9567102,1.315917969,22.6645172
12.31666667,1.956291978,-594.9567102,1.315917969,22.6645172
12.33333333,1.957090356,-594.9567102,1.315917969,22.6645172
12.35,1.957090356,-594.9567102,1.315841675,22.66583566
12.36666667,1.956291978,-594.9567102,1.316070557,22.66188054
12.38333333,1.95416297,-594.9567102,1.315536499,22.67111036
12.4,1.955227474,-594.9567102,1.315612793,22.66979156
12.41666667,1.957356482,-594.9567102,1.315689087,22.66847284
12.43333333,1.957356482,-594.9567102,1.315536499,22.67111036
12.45,1.95416297,-594.9567102,1.315383911,22.67374823
12.46666667,1.952033963,-594.9567102,1.315536499,22.67111036
12.48333333,1.953630719,-594.9567102,1.315383911,22.67374823
12.5,1.952566215,-594.9567102,1.315231323,22.67638644
12.51666667,1.953896845,-594.9567102,1.315536499,22.67111036
12.53333333,1.952566215,-594.9567102,1.315460205,22.67242925
12.55,1.952033963,-594.9567102,1.315155029,22.67770567
12.56666667,1.951501711,-594.9567102,1.315307617,22.67506729
12.58333333,1.949638829,-594.9567102,1.315307617,22.67506729
12.6,1.949638829,-594.9567102,1.315307617,22.67506729
12.61666667,1.950437207,-594.9567102,1.315155029,22.67770567
12.63333333,1.949106577,-594.9567102,1.315307617,22.67506729
12.65,1.948840451,-594.9567102,1.315383911,22.67374823
12.66666667,1.949638829,-594.9567102,1.315231323,22.67638644
12.68333333,1.948574325,-594.9567102,1.315383911,22.67374823
12.7,1.949106577,-594.9567102,1.315460205,22.67242925
12.71666667,1.949106577,-594.9567102,1.315383911,22.67374823
12.73333333,1.950171081,-594.9567102,1.315383911,22.67374823
12.75,1.949638829,-594.9567102,1.315383911,22.67374823
12.76666667,1.950437207,-594.9567102,1.315383911,22.67374823
12.78333333,1.948574325,-594.9567102,1.315231323,22.67638644
12.8,1.948840451,-594.9567102,1.315155029,22.67770567
12.81666667,1.949106577,-594.9567102,1.315155029,22.67770567
12.83333333,1.948308199,-594.9567102,1.315231323,22.67638644
12.85,1.947775947,-594.9567102,1.315078735,22.67902499
12.86666667,1.94564694,-594.9567102,1.315155029,22.67770567
12.88333333,1.945114688,-594.9567102,1.315307617,22.67506729
12.9,1.947243695,-594.9567102,1.315231323,22.67638644
12.91666667,1.946179191,-594.9567102,1.315155029,22.67770567
12.93333333,1.94564694,-594.9567102,1.315078735,22.67902499
12.95,1.94431631,-594.9567102,1.315231323,22.67638644
12.96666667,1.946179191,-594.9567102,1.315078735,22.67902499
12.98333333,1.942719554,-594.9567102,1.315078735,22.67902499
13,1.942187302,-594.9567102,1.315002441,22.6803444
13.01666667,1.94032442,-594.9567102,1.315078735,22.67902499
13.03333333,1.94165505,-594.9567102,1.315002441,22.6803444
13.05,1.94032442,-594.9567102,1.314926147,22.68166389
13.06666667,1.939259916,-594.9567102,1.314926147,22.68166389
13.08333333,1.939792168,-594.9567102,1.314926147,22.68166389
13.1,1.940058294,-594.9567102,1.315002441,22.6803444
13.11666667,1.939259916,-594.9567102,1.315002441,22.6803444
13.13333333,1.939259916,-594.9567102,1.314926147,22.68166389
13.15,1.93899379,-594.9567102,1.315002441,22.6803444
13.16666667,1.939259916,-594.9567102,1.314926147,22.68166389
13.18333333,1.937663161,-594.9567102,1.314849854,22.68298346
13.2,1.938195413,-594.9567102,1.314926147,22.68166389
13.21666667,1.936332531,-594.9567102,1.315002441,22.6803444
13.23333333,1.935800279,-594.9567102,1.314849854,22.68298346
13.25,1.935268027,-594.9567102,1.314849854,22.68298346
13.26666667,1.934735775,-594.9567102,1.314849854,22.68298346
13.28333333,1.935001901,-594.9567102,1.315002441,22.6803444
13.3,1.935001901,-594.9567102,1.31477356,22.68430313
13.31666667,1.935534153,-594.9567102,1.31477356,22.68430313
13.33333333,1.934735775,-594.9567102,1.314849854,22.68298346
13.35,1.932872893,-594.9567102,1.31477356,22.68430313
13.36666667,1.933405145,-594.9567102,1.314849854,22.68298346
13.38333333,1.932340641,-594.9567102,1.314849854,22.68298346
13.4,1.931808389,-594.9567102,1.314926147,22.68166389
13.41666667,1.931276137,-594.9567102,1.314849854,22.68298346
13.43333333,1.930743885,-594.9567102,1.314849854,22.68298346
13.45,1.930743885,-594.9567102,1.31477356,22.68430313
13.46666667,1.928082626,-594.9567102,1.31477356,22.68430313
13.48333333,1.928881004,-594.9567102,1.314849854,22.68298346
13.5,1.929413256,-594.9567102,1.314849854,22.68298346
13.51666667,1.928881004,-594.9567102,1.31477356,22.68430313
13.53333333,1.928614878,-594.9567102,1.314697266,22.68562288
13.55,1.928082626,-594.9567102,1.314697266,22.68562288
13.56666667,1.9278165,-594.9567102,1.314849854,22.68298346
13.58333333,1.9278165,-594.9567102,1.314697266,22.68562288
13.6,1.928082626,-594.9567102,1.314620972,22.68694271
13.61666667,1.932074515,-594.9567102,1.31477356,22.68430313
13.63333333,1.929413256,-594.9567102,1.314697266,22.68562288
13.65,1.927018122,-594.9567102,1.314849854,22.68298346
13.66666667,1.927284248,-594.9567102,1.31477356,22.68430313
13.68333333,1.928881004,-594.9567102,1.314697266,22.68562288
13.7,1.926219744,-594.9567102,1.314620972,22.68694271
13.71666667,1.92515524,-594.9567102,1.314697266,22.68562288
13.73333333,1.925687492,-594.9567102,1.314544678,22.68826263
13.75,1.924889114,-594.9567102,1.314544678,22.68826263
13.76666667,1.925421366,-594.9567102,1.314697266,22.68562288
13.78333333,1.924356862,-594.9567102,1.314620972,22.68694271
13.8,1.924090736,-594.9567102,1.314620972,22.68694271
13.81666667,1.92382461,-594.9567102,1.314620972,22.68694271
13.83333333,1.923026232,-594.9567102,1.314620972,22.68694271
13.85,1.923292358,-594.9567102,1.314697266,22.68562288
13.86666667,1.924356862,-594.9567102,1.314697266,22.68562288
13.88333333,1.920631099,-594.9567102,1.314697266,22.68562288
13.9,1.920897225,-594.9567102,1.314620972,22.68694271
13.91666667,1.919832721,-594.9567102,1.314544678,22.68826263
13.93333333,1.919832721,-594.9567102,1.314620972,22.68694271
13.95,1.919566595,-594.9567102,1.314697266,22.68562288
13.96666667,1.920897225,-594.9567102,1.314468384,22.68958264
13.98333333,1.918768217,-594.9567102,1.31439209,22.69090274
14,1.917703713,-594.9567102,1.314468384,22.68958264
14.01666667,1.917171461,-594.9567102,1.314620972,22.68694271
14.03333333,1.920364973,-594.9567102,1.314544678,22.68826263
14.05,1.920364973,-594.9567102,1.31439209,22.69090274
14.06666667,1.919034343,-594.9567102,1.314468384,22.68958264
14.08333333,1.919300469,-594.9567102,1.314544678,22.68826263
14.1,1.915574705,-594.9567102,1.314468384,22.68958264
14.11666667,1.915840831,-594.9567102,1.314468384,22.68958264
14.13333333,1.916373083,-594.9567102,1.314544678,22.68826263
14.15,1.913711824,-594.9567102,1.31439209,22.69090274
14.16666667,1.91397795,-594.9567102,1.314086914,22.69618397
14.18333333,1.91397795,-594.9567102,1.314163208,22.69486353
14.2,1.913711824,-594.9567102,1.314239502,22.69354318
14.21666667,1.912381194,-594.9567102,1.314315796,22.69222292
14.23333333,1.91264732,-594.9567102,1.31401062,22.6975045
14.25,1.913445698,-594.9567102,1.31401062,22.6975045
14.26666667,1.912913446,-594.9567102,1.314239502,22.69354318
14.28333333,1.913711824,-594.9567102,1.314239502,22.69354318
14.3,1.913445698,-594.9567102,1.314315796,22.69222292
14.31666667,1.915308579,-594.9567102,1.314239502,22.69354318
14.33333333,1.91397795,-594.9567102,1.314239502,22.69354318
14.35,1.913711824,-594.9567102,1.314163208,22.69486353
14.36666667,1.914510202,-594.9567102,1.314315796,22.69222292
14.38333333,1.915042453,-594.9567102,1.31439209,22.69090274
14.4,1.916373083,-594.9567102,1.314086914,22.69618397
14.41666667,1.915574705,-594.9567102,1.31401062,22.6975045
14.43333333,1.915042453,-594.9567102,1.314315796,22.69222292
14.45,1.91397795,-594.9567102,1.314315796,22.69222292
14.46666667,1.913445698,-594.9567102,1.314239502,22.69354318
14.48333333,1.915042453,-594.9567102,1.314086914,22.69618397
14.5,1.914244076,-594.9567102,1.314086914,22.69618397
14.51666667,1.915042453,-594.9567102,1.314163208,22.69486353
14.53333333,1.915042453,-594.9567102,1.314086914,22.69618397
14.55,1.915308579,-594.9567102,1.314239502,22.69354318
14.56666667,1.914776327,-594.9567102,1.31401062,22.6975045
14.58333333,1.915042453,-594.9567102,1.314086914,22.69618397
14.6,1.912381194,-594.9567102,1.314086914,22.69618397
14.61666667,1.912381194,-594.9567102,1.313781738,22.70146658
14.63333333,1.912381194,-594.9567102,1.313934326,22.69882511
14.65,1.911582816,-594.9567102,1.313781738,22.70146658
14.66666667,1.912381194,-594.9567102,1.31401062,22.6975045
14.68333333,1.914510202,-594.9567102,1.314086914,22.69618397
14.7,1.91264732,-594.9567102,1.314086914,22.69618397
14.71666667,1.91397795,-594.9567102,1.314086914,22.69618397
14.73333333,1.911848942,-594.9567102,1.31401062,22.6975045
14.75,1.910784438,-594.9567102,1.313934326,22.69882511
14.76666667,1.911582816,-594.9567102,1.313781738,22.70146658
14.78333333,1.911848942,-594.9567102,1.31362915,22.70410841
14.8,1.910252186,-594.9567102,1.313858032,22.7001458
14.81666667,1.906526423,-594.9567102,1.313858032,22.7001458
14.83333333,1.906260297,-594.9567102,1.314086914,22.69618397
14.85,1.903865163,-594.9567102,1.31401062,22.6975045
14.86666667,1.903865163,-594.9567102,1.313781738,22.70146658
14.88333333,1.904929667,-594.9567102,1.313858032,22.7001458
14.9,1.903066785,-594.9567102,1.313781738,22.70146658
14.91666667,1.902002281,-594.9567102,1.313781738,22.70146658
14.93333333,1.902800659,-594.9567102,1.313705444,22.70278745
14.95,1.901736155,-594.9567102,1.313705444,22.70278745
14.96666667,1.900671651,-594.9567102,1.313934326,22.69882511
14.98333333,1.898276518,-594.9567102,1.31401062,22.6975045
15,1.899873273,-594.9567102,1.31401062,22.6975045
15.01666667,1.897744266,-594.9567102,1.31401062,22.6975045
15.03333333,1.898010392,-594.9567102,1.313858032,22.7001458
15.05,1.898010392,-594.9567102,1.313705444,22.70278745
15.06666667,1.901470029,50.5124762,1.313858032,22.7001458
15.08333333,1.899074895,50.5124762,1.31401062,22.6975045
15.1,1.898542644,50.5124762,1.314239502,22.69354318
15.11666667,1.947775947,50.63755096,1.274642944,23.39063171
15.13333333,1.926751996,50.55416779,1.275634766,23.37287535
15.15,1.941122798,50.59585938,1.278915405,23.31425311
15.16666667,1.989291598,50.67924255,1.28288269,23.24358639
15.18333333,2.047839311,50.67924255,1.285934448,23.18939425
15.2,2.10266126,50.55416779,1.287994385,23.15289617
15.21666667,2.151362311,50.55416779,1.291046143,23.09894532
15.23333333,2.187555443,50.5124762,1.294174194,23.04379417
15.25,2.215232543,50.59585938,1.298065186,22.97540013
15.26666667,2.236522621,50.63755096,1.302566528,22.89656435
15.28333333,2.250627297,50.67924255,1.306381226,22.82999354
15.3,2.262602965,50.63755096,1.310882568,22.75172024
15.31666667,2.27484476,50.63755096,1.314926147,22.68166389
15.33333333,2.283360791,50.63755096,1.31942749,22.60396063
15.35,2.291610696,50.55416779,1.323776245,22.5291736
15.36666667,2.300658979,50.55416779,1.327972412,22.45727173
15.38333333,2.340577874,50.5124762,1.331710815,22.39342826
15.4,2.449157268,50.5124762,1.335296631,22.33237944
15.41666667,2.571575212,50.63755096,1.339035034,22.26892846
