"Latest: Time (min)","Latest: Dissolved O2 (mg/L)","Latest: LED (umol photons/m2/s)","Latest: S171 Temp (V) (V)","Latest: Temperature (Â°C)"
0,2.29906222279,-594.956710205,1.30599975586,22.8366407913
0.0166666666667,2.30039285262,-594.956710205,1.3060760498,22.835311167
0.0333333333333,2.30225573438,-594.956710205,1.30584716797,22.8393003017
0.05,2.30119123052,-594.956710205,1.30592346191,22.8379705029
0.0666666666667,2.30039285262,-594.956710205,1.30577087402,22.8406301878
0.0833333333333,2.30012672665,-594.956710205,1.30592346191,22.8379705029
0.1,2.29959447472,-594.956710205,1.30569458008,22.8419601612
0.116666666667,2.29852997085,-594.956710205,1.30584716797,22.8393003017
0.133333333333,2.29746546699,-594.956710205,1.30592346191,22.8379705029
0.15,2.29693321506,-594.956710205,1.30577087402,22.8406301878
0.166666666667,2.29640096312,-594.956710205,1.30592346191,22.8379705029
0.183333333333,2.29746546699,-594.956710205,1.30584716797,22.8393003017
0.2,2.29693321506,-594.956710205,1.30584716797,22.8393003017
0.216666666667,2.29666708909,-594.956710205,1.30592346191,22.8379705029
0.233333333333,2.29640096312,-594.956710205,1.30584716797,22.8393003017
0.25,2.29693321506,-594.956710205,1.30584716797,22.8393003017
0.266666666667,2.29746546699,-594.956710205,1.30569458008,22.8419601612
0.283333333333,2.29640096312,-594.956710205,1.30577087402,22.8406301878
0.3,2.29533645926,-594.956710205,1.30561828613,22.8432902219
0.316666666667,2.29453808136,-594.956710205,1.3053894043,22.8472809277
0.333333333333,2.29453808136,-594.956710205,1.30561828613,22.8432902219
0.35,2.29400582943,-594.956710205,1.30561828613,22.8432902219
0.366666666667,2.29400582943,-594.956710205,1.30569458008,22.8419601612
0.383333333333,2.29320745153,-594.956710205,1.30561828613,22.8432902219
0.4,2.29294132556,-594.956710205,1.30554199219,22.8446203698
0.416666666667,2.29400582943,-594.956710205,1.30561828613,22.8432902219
0.433333333333,2.2918768217,-594.956710205,1.30546569824,22.8459506051
0.45,2.29054619186,-594.956710205,1.30531311035,22.8486113376
0.466666666667,2.29054619186,-594.956710205,1.3053894043,22.8472809277
0.483333333333,2.289481688,-594.956710205,1.30546569824,22.8459506051
0.5,2.2886833101,-594.956710205,1.30554199219,22.8446203698
0.516666666667,2.2854897985,-594.956710205,1.30546569824,22.8459506051
0.533333333333,2.28575592447,-594.956710205,1.3053894043,22.8472809277
0.55,2.28442529464,-594.956710205,1.3053894043,22.8472809277
0.566666666667,2.28522367254,-594.956710205,1.30531311035,22.8486113376
0.583333333333,2.28522367254,-594.956710205,1.3053894043,22.8472809277
0.6,2.28602205044,-594.956710205,1.30531311035,22.8486113376
0.616666666667,2.28575592447,-594.956710205,1.30516052246,22.8512724195
0.633333333333,2.2854897985,-594.956710205,1.30531311035,22.8486113376
0.65,2.28389304271,-594.956710205,1.30516052246,22.8512724195
0.666666666667,2.28495754657,-594.956710205,1.30523681641,22.8499418349
0.683333333333,2.28442529464,-594.956710205,1.30523681641,22.8499418349
0.7,2.28442529464,-594.956710205,1.30531311035,22.8486113376
0.716666666667,2.28389304271,-594.956710205,1.30531311035,22.8486113376
0.733333333333,2.28282853884,-594.956710205,1.3053894043,22.8472809277
0.75,2.28229628691,-594.956710205,1.30531311035,22.8486113376
0.766666666667,2.28256241288,-594.956710205,1.30531311035,22.8486113376
0.783333333333,2.28203016094,-594.956710205,1.30516052246,22.8512724195
0.8,2.28282853884,-594.956710205,1.30531311035,22.8486113376
0.816666666667,2.28149790901,-594.956710205,1.30523681641,22.8499418349
0.833333333333,2.28176403498,-594.956710205,1.30516052246,22.8512724195
0.85,2.28149790901,-594.956710205,1.30516052246,22.8512724195
0.866666666667,2.28149790901,-594.956710205,1.30516052246,22.8512724195
0.883333333333,2.28229628691,-594.956710205,1.30508422852,22.8526030915
0.9,2.28256241288,-594.956710205,1.30516052246,22.8512724195
0.916666666667,2.28096565708,-594.956710205,1.30523681641,22.8499418349
0.933333333333,2.27990115321,-594.956710205,1.30508422852,22.8526030915
0.95,2.27697376758,-594.956710205,1.30516052246,22.8512724195
0.966666666667,2.27670764162,-594.956710205,1.30500793457,22.8539338508
0.983333333333,2.27697376758,-594.956710205,1.30508422852,22.8526030915
1,2.27644151565,-594.956710205,1.30500793457,22.8539338508
1.01666666667,2.27617538968,-594.956710205,1.30516052246,22.8512724195
1.03333333333,2.27484475985,-594.956710205,1.30508422852,22.8526030915
1.05,2.27431250792,-594.956710205,1.30531311035,22.8486113376
1.06666666667,2.27378025599,-594.956710205,1.30516052246,22.8512724195
1.08333333333,2.27404638195,-594.956710205,1.30523681641,22.8499418349
1.1,2.27431250792,-594.956710205,1.30508422852,22.8526030915
1.11666666667,2.27484475985,-594.956710205,1.30508422852,22.8526030915
1.13333333333,2.27431250792,-594.956710205,1.30516052246,22.8512724195
1.15,2.27431250792,-594.956710205,1.30523681641,22.8499418349
1.16666666667,2.27298187809,-594.956710205,1.30500793457,22.8539338508
1.18333333333,2.27165124826,-594.956710205,1.30516052246,22.8512724195
1.2,2.27564313775,-594.956710205,1.30493164063,22.8552646976
1.21666666667,2.27111899632,-594.956710205,1.30500793457,22.8539338508
1.23333333333,2.27378025599,-594.956710205,1.30500793457,22.8539338508
1.25,2.27244962616,-594.956710205,1.30500793457,22.8539338508
1.26666666667,2.27085287036,-594.956710205,1.30493164063,22.8552646976
1.28333333333,2.27111899632,-594.956710205,1.30508422852,22.8526030915
1.3,2.26925611456,-594.956710205,1.30493164063,22.8552646976
1.31666666667,2.26792548473,-594.956710205,1.30516052246,22.8512724195
1.33333333333,2.2665948549,-594.956710205,1.30508422852,22.8526030915
1.35,2.265796477,-594.956710205,1.30508422852,22.8526030915
1.36666666667,2.2665948549,-594.956710205,1.30500793457,22.8539338508
1.38333333333,2.26366746927,-594.956710205,1.30493164063,22.8552646976
1.4,2.2641997212,-594.956710205,1.30500793457,22.8539338508
1.41666666667,2.26712710683,-594.956710205,1.30485534668,22.8565956317
1.43333333333,2.26686098086,-594.956710205,1.30493164063,22.8552646976
1.45,2.26553035103,-594.956710205,1.30485534668,22.8565956317
1.46666666667,2.26366746927,-594.956710205,1.30485534668,22.8565956317
1.48333333333,2.26366746927,-594.956710205,1.30470275879,22.8592577622
1.5,2.2626029654,-594.956710205,1.30477905273,22.8579266533
1.51666666667,2.26286909137,-594.956710205,1.30462646484,22.8605889586
1.53333333333,2.26153846154,-594.956710205,1.3045501709,22.8619202425
1.55,2.26100620961,-594.956710205,1.30447387695,22.8632516137
1.56666666667,2.26127233557,-594.956710205,1.30447387695,22.8632516137
1.58333333333,2.26047395767,-594.956710205,1.3045501709,22.8619202425
1.6,2.26074008364,-594.956710205,1.3045501709,22.8619202425
1.61666666667,2.26153846154,-594.956710205,1.3045501709,22.8619202425
1.63333333333,2.26153846154,-594.956710205,1.30447387695,22.8632516137
1.65,2.26233683944,-594.956710205,1.3045501709,22.8619202425
1.66666666667,2.2649980991,-594.956710205,1.3045501709,22.8619202425
1.68333333333,2.26233683944,-594.956710205,1.3045501709,22.8619202425
1.7,2.26047395767,-594.956710205,1.30439758301,22.8645830725
1.71666666667,2.25861107591,-594.956710205,1.30439758301,22.8645830725
1.73333333333,2.25781269801,-594.956710205,1.30432128906,22.8659146187
1.75,2.25834494994,-594.956710205,1.30424499512,22.8672462524
1.76666666667,2.25674819415,-594.956710205,1.30432128906,22.8659146187
1.78333333333,2.25861107591,-594.956710205,1.30416870117,22.8685779736
1.8,2.25621594221,-594.956710205,1.30424499512,22.8672462524
1.81666666667,2.25488531238,-594.956710205,1.30424499512,22.8672462524
1.83333333333,2.25488531238,-594.956710205,1.30416870117,22.8685779736
1.85,2.25382080852,-594.956710205,1.30424499512,22.8672462524
1.86666666667,2.25249017868,-594.956710205,1.30424499512,22.8672462524
1.88333333333,2.25249017868,-594.956710205,1.30416870117,22.8685779736
1.9,2.25488531238,-594.956710205,1.30409240723,22.8699097823
1.91666666667,2.25408693448,-594.956710205,1.30416870117,22.8685779736
1.93333333333,2.25302243062,-594.956710205,1.30409240723,22.8699097823
1.95,2.25195792675,-594.956710205,1.30416870117,22.8685779736
1.96666666667,2.25089342289,-594.956710205,1.30424499512,22.8672462524
1.98333333333,2.24982891902,-594.956710205,1.30439758301,22.8645830725
2,2.24956279306,-594.956710205,1.30424499512,22.8672462524
2.01666666667,2.24903054112,-594.956710205,1.30424499512,22.8672462524
2.03333333333,2.24823216322,-594.956710205,1.30424499512,22.8672462524
2.05,2.24557090356,-594.956710205,1.30416870117,22.8685779736
2.06666666667,2.24903054112,-594.956710205,1.30424499512,22.8672462524
2.08333333333,2.24663540743,-594.956710205,1.30416870117,22.8685779736
2.1,2.24716765936,-594.956710205,1.30409240723,22.8699097823
2.11666666667,2.24769991129,-594.956710205,1.30409240723,22.8699097823
2.13333333333,2.24716765936,-594.956710205,1.30401611328,22.8712416786
2.15,2.24743378533,-594.956710205,1.30409240723,22.8699097823
2.16666666667,2.24636928146,-594.956710205,1.30401611328,22.8712416786
2.18333333333,2.24743378533,-594.956710205,1.30393981934,22.8725736623
2.2,2.24716765936,-594.956710205,1.30416870117,22.8685779736
2.21666666667,2.24610315549,-594.956710205,1.30401611328,22.8712416786
2.23333333333,2.24557090356,-594.956710205,1.30416870117,22.8685779736
2.25,2.2437080218,-594.956710205,1.30409240723,22.8699097823
2.26666666667,2.2437080218,-594.956710205,1.30393981934,22.8725736623
2.28333333333,2.242111266,-594.956710205,1.30409240723,22.8699097823
2.3,2.2413128881,-594.956710205,1.30416870117,22.8685779736
2.31666666667,2.2413128881,-594.956710205,1.30393981934,22.8725736623
2.33333333333,2.2397161323,-594.956710205,1.30401611328,22.8712416786
2.35,2.2397161323,-594.956710205,1.30409240723,22.8699097823
2.36666666667,2.2397161323,-594.956710205,1.30401611328,22.8712416786
2.38333333333,2.2405145102,-594.956710205,1.30401611328,22.8712416786
2.4,2.25568369028,-594.956710205,1.30401611328,22.8712416786
2.41666666667,2.25408693448,-594.956710205,1.30393981934,22.8725736623
2.43333333333,2.24024838424,-594.956710205,1.30393981934,22.8725736623
2.45,2.23785325054,-594.956710205,1.30401611328,22.8712416786
2.46666666667,2.23732099861,-594.956710205,1.30401611328,22.8712416786
2.48333333333,2.23678874667,-594.956710205,1.30401611328,22.8712416786
2.5,2.23865162844,-594.956710205,1.30401611328,22.8712416786
2.51666666667,2.23705487264,-594.956710205,1.30401611328,22.8712416786
2.53333333333,2.23758712457,-594.956710205,1.30401611328,22.8712416786
2.55,2.23599036877,-594.956710205,1.30393981934,22.8725736623
2.56666666667,2.23465973894,-594.956710205,1.30401611328,22.8712416786
2.58333333333,2.23625649474,-594.956710205,1.30386352539,22.8739057336
2.6,2.23678874667,-594.956710205,1.30393981934,22.8725736623
2.61666666667,2.23492586491,-594.956710205,1.30401611328,22.8712416786
2.63333333333,2.23386136104,-594.956710205,1.30393981934,22.8725736623
2.65,2.23625649474,-594.956710205,1.30386352539,22.8739057336
2.66666666667,2.23253073121,-594.956710205,1.30378723145,22.8752378925
2.68333333333,2.22986947155,-594.956710205,1.30386352539,22.8739057336
2.7,2.23066784945,-594.956710205,1.30378723145,22.8752378925
2.71666666667,2.23066784945,-594.956710205,1.30386352539,22.8739057336
2.73333333333,2.23066784945,-594.956710205,1.30386352539,22.8739057336
2.75,2.23040172348,-594.956710205,1.30401611328,22.8712416786
2.76666666667,2.22853884172,-594.956710205,1.30386352539,22.8739057336
2.78333333333,2.23146622735,-594.956710205,1.30386352539,22.8739057336
2.8,2.23120010138,-594.956710205,1.30386352539,22.8739057336
2.81666666667,2.23146622735,-594.956710205,1.3037109375,22.8765701389
2.83333333333,2.23013559752,-594.956710205,1.30378723145,22.8752378925
2.85,2.22907109365,-594.956710205,1.30386352539,22.8739057336
2.86666666667,2.22933721962,-594.956710205,1.30378723145,22.8752378925
2.88333333333,2.23785325054,-594.956710205,1.30378723145,22.8752378925
2.9,2.22960334558,-594.956710205,1.30378723145,22.8752378925
2.91666666667,2.23013559752,-594.956710205,1.3037109375,22.8765701389
2.93333333333,2.22800658979,-594.956710205,1.3037109375,22.8765701389
2.95,2.22587758206,-594.956710205,1.30363464355,22.8779024729
2.96666666667,2.22587758206,-594.956710205,1.30386352539,22.8739057336
2.98333333333,2.22481307819,-594.956710205,1.30378723145,22.8752378925
3,2.22454695222,-594.956710205,1.3037109375,22.8765701389
3.01666666667,2.22374857433,-594.956710205,1.30378723145,22.8752378925
3.03333333333,2.22268407046,-594.956710205,1.3037109375,22.8765701389
3.05,2.22108731466,-594.956710205,1.30378723145,22.8752378925
3.06666666667,2.22028893676,-594.956710205,1.3037109375,22.8765701389
3.08333333333,2.22028893676,-594.956710205,1.30378723145,22.8752378925
3.1,2.2192244329,-594.956710205,1.3037109375,22.8765701389
3.11666666667,2.21815992903,-594.956710205,1.3037109375,22.8765701389
3.13333333333,2.21869218097,-594.956710205,1.3037109375,22.8765701389
3.15,2.2200228108,-594.956710205,1.30378723145,22.8752378925
3.16666666667,2.218426055,-594.956710205,1.30363464355,22.8779024729
3.18333333333,2.2192244329,-594.956710205,1.30363464355,22.8779024729
3.2,2.22028893676,-594.956710205,1.3037109375,22.8765701389
3.21666666667,2.21949055886,-594.956710205,1.30355834961,22.8792348944
3.23333333333,2.2192244329,-594.956710205,1.3037109375,22.8765701389
3.25,2.2192244329,-594.956710205,1.30363464355,22.8779024729
3.26666666667,2.22028893676,-594.956710205,1.30355834961,22.8792348944
3.28333333333,2.21789380307,-594.956710205,1.30363464355,22.8779024729
3.3,2.21815992903,-594.956710205,1.30363464355,22.8779024729
3.31666666667,2.2168292992,-594.956710205,1.30355834961,22.8792348944
3.33333333333,2.21470029147,-594.956710205,1.3037109375,22.8765701389
3.35,2.21496641744,-594.956710205,1.30355834961,22.8792348944
3.36666666667,2.2168292992,-594.956710205,1.30355834961,22.8792348944
3.38333333333,2.21549866937,-594.956710205,1.30363464355,22.8779024729
3.4,2.21629704727,-594.956710205,1.30363464355,22.8779024729
3.41666666667,2.21390191357,-594.956710205,1.30348205566,22.8805674036
3.43333333333,2.21416803954,-594.956710205,1.30363464355,22.8779024729
3.45,2.21416803954,-594.956710205,1.30348205566,22.8805674036
3.46666666667,2.21310353567,-594.956710205,1.30340576172,22.8819000004
3.48333333333,2.21363578761,-594.956710205,1.30332946777,22.8832326848
3.5,2.21310353567,-594.956710205,1.30348205566,22.8805674036
3.51666666667,2.21177290584,-594.956710205,1.30325317383,22.8845654568
3.53333333333,2.21150677988,-594.956710205,1.30340576172,22.8819000004
3.55,2.21124065391,-594.956710205,1.30348205566,22.8805674036
3.56666666667,2.21044227601,-594.956710205,1.30355834961,22.8792348944
3.58333333333,2.20937777215,-594.956710205,1.30340576172,22.8819000004
3.6,2.20831326828,-594.956710205,1.30332946777,22.8832326848
3.61666666667,2.20751489038,-594.956710205,1.30340576172,22.8819000004
3.63333333333,2.20751489038,-594.956710205,1.30348205566,22.8805674036
3.65,2.20751489038,-594.956710205,1.30340576172,22.8819000004
3.66666666667,2.20698263845,-594.956710205,1.30348205566,22.8805674036
3.68333333333,2.20671651248,-594.956710205,1.30348205566,22.8805674036
3.7,2.20538588265,-594.956710205,1.30348205566,22.8805674036
3.71666666667,2.20645038652,-594.956710205,1.30332946777,22.8832326848
3.73333333333,2.20671651248,-594.956710205,1.30340576172,22.8819000004
3.75,2.20591813458,-594.956710205,1.30325317383,22.8845654568
3.76666666667,2.20591813458,-594.956710205,1.30340576172,22.8819000004
3.78333333333,2.20645038652,-594.956710205,1.30340576172,22.8819000004
3.8,2.20432137879,-594.956710205,1.30325317383,22.8845654568
3.81666666667,2.20299074895,-594.956710205,1.30332946777,22.8832326848
3.83333333333,2.20219237106,-594.956710205,1.30325317383,22.8845654568
3.85,2.20192624509,-594.956710205,1.30325317383,22.8845654568
3.86666666667,2.20299074895,-594.956710205,1.30332946777,22.8832326848
3.88333333333,2.20325687492,-594.956710205,1.30325317383,22.8845654568
3.9,2.20325687492,-594.956710205,1.30325317383,22.8845654568
3.91666666667,2.20299074895,-594.956710205,1.30325317383,22.8845654568
3.93333333333,2.20272462299,-594.956710205,1.30340576172,22.8819000004
3.95,2.21443416551,-594.956710205,1.30332946777,22.8832326848
3.96666666667,2.20485363072,-594.956710205,1.30325317383,22.8845654568
3.98333333333,2.20139399316,-594.956710205,1.30317687988,22.8858983164
4,2.20032948929,-594.956710205,1.30310058594,22.8872312637
4.01666666667,2.19846660753,-594.956710205,1.30294799805,22.8898974213
4.03333333333,2.19820048156,-594.956710205,1.30317687988,22.8858983164
4.05,2.1963375998,-594.956710205,1.3028717041,22.8912306316
4.06666666667,2.19766822963,-594.956710205,1.30302429199,22.8885642987
4.08333333333,2.19740210366,-594.956710205,1.30310058594,22.8872312637
4.1,2.19979723736,-594.956710205,1.30302429199,22.8885642987
4.11666666667,2.19766822963,-594.956710205,1.3028717041,22.8912306316
4.13333333333,2.19660372576,-594.956710205,1.30302429199,22.8885642987
4.15,2.20166011912,-594.956710205,1.30302429199,22.8885642987
4.16666666667,2.19766822963,-594.956710205,1.30294799805,22.8898974213
4.18333333333,2.19686985173,-594.956710205,1.30302429199,22.8885642987
4.2,2.21576479534,-594.956710205,1.30302429199,22.8885642987
4.21666666667,2.19873273349,-594.956710205,1.30294799805,22.8898974213
4.23333333333,2.1955392219,-594.956710205,1.3028717041,22.8912306316
4.25,2.19367634013,-594.956710205,1.30279541016,22.8925639296
4.26666666667,2.19367634013,-594.956710205,1.30294799805,22.8898974213
4.28333333333,2.1923457103,-594.956710205,1.30279541016,22.8925639296
4.3,2.19181345837,-594.956710205,1.30279541016,22.8925639296
4.31666666667,2.19207958434,-594.956710205,1.30271911621,22.8938973153
4.33333333333,2.1915473324,-594.956710205,1.30271911621,22.8938973153
4.35,2.20032948929,-594.956710205,1.30279541016,22.8925639296
4.36666666667,2.19420859207,-594.956710205,1.30302429199,22.8885642987
4.38333333333,2.19074895451,-594.956710205,1.30279541016,22.8925639296
4.4,2.18888607274,-594.956710205,1.30264282227,22.8952307888
4.41666666667,2.18915219871,-594.956710205,1.30249023438,22.8978979988
4.43333333333,2.18808769484,-594.956710205,1.30256652832,22.8965643499
4.45,2.18808769484,-594.956710205,1.30279541016,22.8925639296
4.46666666667,2.18675706501,-594.956710205,1.30271911621,22.8938973153
4.48333333333,2.18595868711,-594.956710205,1.30271911621,22.8938973153
4.5,2.18702319098,-594.956710205,1.30271911621,22.8938973153
4.51666666667,2.18728931694,-594.956710205,1.30271911621,22.8938973153
4.53333333333,2.18675706501,-594.956710205,1.30271911621,22.8938973153
4.55,2.18675706501,-594.956710205,1.30264282227,22.8952307888
4.56666666667,2.18649093904,-594.956710205,1.30271911621,22.8938973153
4.58333333333,2.18649093904,-594.956710205,1.30264282227,22.8952307888
4.6,2.18516030921,-594.956710205,1.30249023438,22.8978979988
4.61666666667,2.18356355342,-594.956710205,1.30249023438,22.8978979988
4.63333333333,2.18223292358,-594.956710205,1.30264282227,22.8952307888
4.65,2.18170067165,-594.956710205,1.30256652832,22.8965643499
4.66666666667,2.18063616779,-594.956710205,1.30264282227,22.8952307888
4.68333333333,2.17850716006,-594.956710205,1.30264282227,22.8952307888
4.7,2.17877328602,-594.956710205,1.30264282227,22.8952307888
4.71666666667,2.17957166392,-594.956710205,1.30264282227,22.8952307888
4.73333333333,2.17957166392,-594.956710205,1.30256652832,22.8965643499
4.75,2.17903941199,-594.956710205,1.30264282227,22.8952307888
4.76666666667,2.17983778989,-594.956710205,1.30249023438,22.8978979988
4.78333333333,2.17930553795,-594.956710205,1.30256652832,22.8965643499
4.8,2.18063616779,-594.956710205,1.30249023438,22.8978979988
4.81666666667,2.18116841972,-594.956710205,1.30241394043,22.8992317354
4.83333333333,2.17691040426,-594.956710205,1.30241394043,22.8992317354
4.85,2.17531364846,-594.956710205,1.30241394043,22.8992317354
4.86666666667,2.17478139653,-594.956710205,1.30241394043,22.8992317354
4.88333333333,2.17478139653,-594.956710205,1.30233764648,22.9005655598
4.9,2.17531364846,-594.956710205,1.30249023438,22.8978979988
4.91666666667,2.17451527056,-594.956710205,1.30241394043,22.8992317354
4.93333333333,2.1726523888,-594.956710205,1.30233764648,22.9005655598
4.95,2.17158788493,-594.956710205,1.30233764648,22.9005655598
4.96666666667,2.17212013686,-594.956710205,1.30226135254,22.901899472
4.98333333333,2.1726523888,-594.956710205,1.30233764648,22.9005655598
5,2.17132175897,-594.956710205,1.30218505859,22.9032334719
5.01666666667,2.1734507667,-594.956710205,1.30210876465,22.9045675597
5.03333333333,2.17291851476,-594.956710205,1.30233764648,22.9005655598
5.05,2.17824103409,92.1623739624,1.30249023438,22.8978979988
5.06666666667,2.17212013686,100.917607727,1.30233764648,22.9005655598
5.08333333333,2.17132175897,101.042682495,1.30241394043,22.8992317354
5.1,2.1702572551,100.917607727,1.30241394043,22.8992317354
5.11666666667,2.16892662527,100.959299316,1.30233764648,22.9005655598
5.13333333333,2.1694588772,100.875916138,1.30226135254,22.901899472
5.15,2.16972500317,100.875916138,1.30241394043,22.8992317354
5.16666666667,2.16972500317,101.000990906,1.30195617676,22.9072359986
5.18333333333,2.16999112913,100.959299316,1.30241394043,22.8992317354
5.2,2.1702572551,100.917607727,1.30241394043,22.8992317354
5.21666666667,2.1702572551,101.084374084,1.30241394043,22.8992317354
5.23333333333,2.16972500317,100.959299316,1.30233764648,22.9005655598
5.25,2.16999112913,100.959299316,1.30218505859,22.9032334719
5.26666666667,2.17158788493,101.000990906,1.30226135254,22.901899472
5.28333333333,2.17238626283,100.959299316,1.30226135254,22.901899472
5.3,2.17318464073,100.959299316,1.30210876465,22.9045675597
5.31666666667,2.1742491446,101.042682495,1.30210876465,22.9045675597
5.33333333333,2.17371689266,101.042682495,1.3020324707,22.9059017352
5.35,2.1734507667,101.042682495,1.3020324707,22.9059017352
5.36666666667,2.17318464073,100.917607727,1.30210876465,22.9045675597
5.38333333333,2.17132175897,101.000990906,1.30195617676,22.9072359986
5.4,2.17212013686,101.000990906,1.3020324707,22.9059017352
5.41666666667,2.1726523888,101.042682495,1.30210876465,22.9045675597
5.43333333333,2.17158788493,100.959299316,1.3020324707,22.9059017352
5.45,2.17291851476,101.042682495,1.30218505859,22.9032334719
5.46666666667,2.17212013686,101.126065674,1.3020324707,22.9059017352
5.48333333333,2.17371689266,101.126065674,1.30195617676,22.9072359986
5.5,2.17504752249,101.126065674,1.3020324707,22.9059017352
5.51666666667,2.17744265619,101.000990906,1.30180358887,22.9099047888
5.53333333333,2.17717653022,101.000990906,1.30180358887,22.9099047888
5.55,2.17850716006,101.042682495,1.30165100098,22.9125739304
5.56666666667,2.17824103409,101.000990906,1.30172729492,22.9112393157
5.58333333333,2.19607147383,101.126065674,1.30195617676,22.9072359986
5.6,2.18170067165,101.084374084,1.30172729492,22.9112393157
5.61666666667,2.17824103409,101.084374084,1.30180358887,22.9099047888
5.63333333333,2.17664427829,101.084374084,1.30187988281,22.9085703498
5.65,2.1742491446,101.084374084,1.30180358887,22.9099047888
5.66666666667,2.1734507667,101.084374084,1.30157470703,22.913908633
5.68333333333,2.1742491446,101.042682495,1.30142211914,22.9165783018
5.7,2.18516030921,101.000990906,1.30165100098,22.9125739304
5.71666666667,2.17691040426,101.042682495,1.30142211914,22.9165783018
5.73333333333,2.17691040426,101.084374084,1.30157470703,22.913908633
5.75,2.17797490812,101.042682495,1.30172729492,22.9112393157
5.76666666667,2.17903941199,101.000990906,1.30187988281,22.9085703498
5.78333333333,2.18010391585,101.084374084,1.30172729492,22.9112393157
5.8,2.17983778989,101.000990906,1.30149841309,22.9152434235
5.81666666667,2.17930553795,101.126065674,1.30157470703,22.913908633
5.83333333333,2.18010391585,101.126065674,1.30165100098,22.9125739304
5.85,2.18010391585,101.084374084,1.30172729492,22.9112393157
5.86666666667,2.18116841972,101.000990906,1.30172729492,22.9112393157
5.88333333333,2.18090229375,101.084374084,1.30165100098,22.9125739304
5.9,2.18090229375,101.084374084,1.30157470703,22.913908633
5.91666666667,2.18276517552,101.000990906,1.30142211914,22.9165783018
5.93333333333,2.18249904955,101.042682495,1.30149841309,22.9152434235
5.95,2.18382967938,101.126065674,1.30142211914,22.9165783018
5.96666666667,2.18489418325,101.084374084,1.30142211914,22.9165783018
5.98333333333,2.18516030921,101.084374084,1.30142211914,22.9165783018
6,2.18569256115,101.042682495,1.30142211914,22.9165783018
6.01666666667,2.18569256115,101.167757263,1.30142211914,22.9165783018
6.03333333333,2.18649093904,101.084374084,1.30157470703,22.913908633
6.05,2.18675706501,101.126065674,1.30165100098,22.9125739304
6.06666666667,2.20325687492,101.126065674,1.30165100098,22.9125739304
6.08333333333,2.18861994677,101.084374084,1.30165100098,22.9125739304
6.1,2.18702319098,101.126065674,1.30149841309,22.9152434235
6.11666666667,2.18835382081,101.042682495,1.3013458252,22.9179132681
6.13333333333,2.19021670257,101.126065674,1.30149841309,22.9152434235
6.15,2.18995057661,101.042682495,1.30104064941,22.9232540124
6.16666666667,2.19420859207,101.084374084,1.3011932373,22.9205834644
6.18333333333,2.19287796224,101.084374084,1.3011932373,22.9205834644
6.2,2.19660372576,101.126065674,1.30142211914,22.9165783018
6.21666666667,2.19447471803,101.084374084,1.30126953125,22.9192483223
6.23333333333,2.194740844,101.167757263,1.3013458252,22.9179132681
6.25,2.1939424661,101.126065674,1.3011932373,22.9205834644
6.26666666667,2.194740844,101.209448853,1.30142211914,22.9165783018
6.28333333333,2.19500696997,101.126065674,1.30142211914,22.9165783018
6.3,2.19740210366,101.084374084,1.30142211914,22.9165783018
6.31666666667,2.19926498543,101.126065674,1.30126953125,22.9192483223
6.33333333333,2.19953111139,101.126065674,1.3011932373,22.9205834644
6.35,2.20112786719,101.167757263,1.30111694336,22.9219186944
6.36666666667,2.20166011912,101.126065674,1.30104064941,22.9232540124
6.38333333333,2.20139399316,101.126065674,1.3011932373,22.9205834644
6.4,2.20219237106,101.084374084,1.30111694336,22.9219186944
6.41666666667,2.20086174122,101.042682495,1.30088806152,22.9259249123
6.43333333333,2.20139399316,101.126065674,1.30088806152,22.9259249123
6.45,2.20139399316,101.126065674,1.30096435547,22.9245894184
6.46666666667,2.20245849702,101.126065674,1.30088806152,22.9259249123
6.48333333333,2.20378912685,101.042682495,1.30088806152,22.9259249123
6.5,2.20405525282,101.126065674,1.30096435547,22.9245894184
6.51666666667,2.20432137879,101.084374084,1.30096435547,22.9245894184
6.53333333333,2.20511975668,101.084374084,1.30157470703,22.913908633
6.55,2.20671651248,101.084374084,1.30157470703,22.913908633
6.56666666667,2.20698263845,101.084374084,1.30180358887,22.9099047888
6.58333333333,2.20937777215,101.084374084,1.30165100098,22.9125739304
6.6,2.20857939425,101.126065674,1.30165100098,22.9125739304
6.61666666667,2.21044227601,101.084374084,1.30142211914,22.9165783018
6.63333333333,2.21070840198,101.167757263,1.3013458252,22.9179132681
6.65,2.21789380307,101.126065674,1.30142211914,22.9165783018
6.66666666667,2.21443416551,101.167757263,1.3011932373,22.9205834644
6.68333333333,2.21150677988,101.042682495,1.3011932373,22.9205834644
6.7,2.21177290584,101.084374084,1.30111694336,22.9219186944
6.71666666667,2.21310353567,101.084374084,1.30111694336,22.9219186944
6.73333333333,2.21496641744,101.126065674,1.30126953125,22.9192483223
6.75,2.21549866937,101.126065674,1.30126953125,22.9192483223
6.76666666667,2.2168292992,101.126065674,1.30149841309,22.9152434235
6.78333333333,2.21629704727,101.209448853,1.30126953125,22.9192483223
6.8,2.21629704727,101.126065674,1.30126953125,22.9192483223
6.81666666667,2.21576479534,101.167757263,1.30126953125,22.9192483223
6.83333333333,2.218426055,101.167757263,1.3011932373,22.9205834644
6.85,2.22028893676,101.167757263,1.30104064941,22.9232540124
6.86666666667,2.22135344063,101.167757263,1.30104064941,22.9232540124
6.88333333333,2.22295019643,101.167757263,1.3011932373,22.9205834644
6.9,2.22295019643,101.084374084,1.30096435547,22.9245894184
6.91666666667,2.22374857433,101.084374084,1.30096435547,22.9245894184
6.93333333333,2.22428082626,101.084374084,1.30088806152,22.9259249123
6.95,2.22428082626,101.126065674,1.30104064941,22.9232540124
6.96666666667,2.23492586491,101.126065674,1.30088806152,22.9259249123
6.98333333333,2.22694208592,101.126065674,1.30088806152,22.9259249123
7,2.22428082626,101.126065674,1.30096435547,22.9245894184
7.01666666667,2.22507920416,101.084374084,1.30104064941,22.9232540124
7.03333333333,2.22694208592,101.167757263,1.30081176758,22.9272604942
7.05,2.22694208592,101.126065674,1.30088806152,22.9259249123
7.06666666667,2.22907109365,101.126065674,1.30073547363,22.9285961641
7.08333333333,2.22880496768,101.084374084,1.3005065918,22.9326037018
7.1,2.23093397542,101.167757263,1.30058288574,22.9312677679
7.11666666667,2.23146622735,101.042682495,1.30043029785,22.9339397238
7.13333333333,2.23439361298,101.084374084,1.30058288574,22.9312677679
7.15,2.23625649474,101.126065674,1.3005065918,22.9326037018
7.16666666667,2.23652262071,101.084374084,1.30043029785,22.9339397238
7.18333333333,2.23625649474,101.126065674,1.30058288574,22.9312677679
7.2,2.23732099861,101.209448853,1.30058288574,22.9312677679
7.21666666667,2.23652262071,101.126065674,1.30058288574,22.9312677679
7.23333333333,2.23865162844,101.167757263,1.30065917969,22.929931922
7.25,2.2381193765,101.126065674,1.3005065918,22.9326037018
7.26666666667,2.23758712457,101.167757263,1.30058288574,22.9312677679
7.28333333333,2.2397161323,101.167757263,1.30065917969,22.929931922
7.3,2.23865162844,101.167757263,1.3005065918,22.9326037018
7.31666666667,2.2389177544,101.084374084,1.30073547363,22.9285961641
7.33333333333,2.24104676213,101.084374084,1.30058288574,22.9312677679
7.35,2.24078063617,101.126065674,1.30043029785,22.9339397238
7.36666666667,2.24157901407,101.126065674,1.30058288574,22.9312677679
7.38333333333,2.2413128881,101.084374084,1.3005065918,22.9326037018
7.4,2.2429096439,101.126065674,1.30043029785,22.9339397238
7.41666666667,2.24344189583,101.084374084,1.3005065918,22.9326037018
7.43333333333,2.24503865163,101.167757263,1.30035400391,22.9352758338
7.45,2.24557090356,101.167757263,1.30043029785,22.9339397238
7.46666666667,2.24796603726,101.126065674,1.30043029785,22.9339397238
7.48333333333,2.24849828919,101.126065674,1.3005065918,22.9326037018
7.5,2.25222405272,101.167757263,1.30065917969,22.929931922
7.51666666667,2.25169180079,101.126065674,1.30065917969,22.929931922
7.53333333333,2.25195792675,101.167757263,1.30058288574,22.9312677679
7.55,2.25062729692,101.167757263,1.3005065918,22.9326037018
7.56666666667,2.25142567482,101.167757263,1.30058288574,22.9312677679
7.58333333333,2.26047395767,101.126065674,1.30065917969,22.929931922
7.6,2.25275630465,101.167757263,1.30043029785,22.9339397238
7.61666666667,2.25089342289,101.126065674,1.3005065918,22.9326037018
7.63333333333,2.25408693448,101.126065674,1.30043029785,22.9339397238
7.65,2.25515143835,101.167757263,1.30043029785,22.9339397238
7.66666666667,2.25728044608,101.167757263,1.30035400391,22.9352758338
7.68333333333,2.25648206818,101.042682495,1.30035400391,22.9352758338
7.7,2.25594981625,101.084374084,1.30043029785,22.9339397238
7.71666666667,2.25728044608,101.084374084,1.30043029785,22.9339397238
7.73333333333,2.25754657204,101.167757263,1.30065917969,22.929931922
7.75,2.25807882398,101.126065674,1.30058288574,22.9312677679
7.76666666667,2.25861107591,101.042682495,1.30043029785,22.9339397238
7.78333333333,2.25914332784,101.167757263,1.30043029785,22.9339397238
7.8,2.26047395767,101.167757263,1.30043029785,22.9339397238
7.81666666667,2.2618045875,101.126065674,1.30043029785,22.9339397238
7.83333333333,2.26286909137,101.126065674,1.30058288574,22.9312677679
7.85,2.26686098086,101.167757263,1.30058288574,22.9312677679
7.86666666667,2.2649980991,101.167757263,1.30058288574,22.9312677679
7.88333333333,2.265796477,101.167757263,1.30065917969,22.929931922
7.9,2.2870865543,101.167757263,1.30058288574,22.9312677679
7.91666666667,2.2681916107,101.126065674,1.30043029785,22.9339397238
7.93333333333,2.26606260297,101.126065674,1.30035400391,22.9352758338
7.95,2.2665948549,101.167757263,1.30043029785,22.9339397238
7.96666666667,2.27564313775,101.167757263,1.30035400391,22.9352758338
7.98333333333,2.27431250792,101.084374084,1.30043029785,22.9339397238
8,2.26925611456,101.084374084,1.3005065918,22.9326037018
8.01666666667,2.26872386263,101.126065674,1.30043029785,22.9339397238
8.03333333333,2.27111899632,101.126065674,1.30043029785,22.9339397238
8.05,2.27165124826,101.084374084,1.30035400391,22.9352758338
8.06666666667,2.27351413002,101.167757263,1.3005065918,22.9326037018
8.08333333333,2.27750601952,101.167757263,1.30043029785,22.9339397238
8.1,2.27244962616,101.167757263,1.30043029785,22.9339397238
8.11666666667,2.27165124826,101.209448853,1.30027770996,22.9366120318
8.13333333333,2.27298187809,101.126065674,1.30035400391,22.9352758338
8.15,2.27431250792,101.167757263,1.30043029785,22.9339397238
8.16666666667,2.27484475985,101.126065674,1.30043029785,22.9339397238
8.18333333333,2.27697376758,101.167757263,1.30035400391,22.9352758338
8.2,2.27777214548,101.167757263,1.30035400391,22.9352758338
8.21666666667,2.27750601952,101.042682495,1.30043029785,22.9339397238
8.23333333333,2.28389304271,101.167757263,1.3005065918,22.9326037018
8.25,2.28043340515,101.167757263,1.30027770996,22.9366120318
8.26666666667,2.28203016094,101.167757263,1.30043029785,22.9339397238
8.28333333333,2.29001393993,101.167757263,1.3005065918,22.9326037018
8.3,2.28415916867,101.126065674,1.30043029785,22.9339397238
8.31666666667,2.28389304271,101.167757263,1.30035400391,22.9352758338
8.33333333333,2.28602205044,101.167757263,1.3005065918,22.9326037018
8.35,2.2870865543,101.209448853,1.30058288574,22.9312677679
8.36666666667,2.28815105817,101.126065674,1.30035400391,22.9352758338
8.38333333333,2.28974781397,101.084374084,1.30035400391,22.9352758338
8.4,2.2902800659,101.126065674,1.30058288574,22.9312677679
8.41666666667,2.29161069573,101.167757263,1.30035400391,22.9352758338
8.43333333333,2.29240907363,101.167757263,1.3005065918,22.9326037018
8.45,2.29480420732,101.126065674,1.30035400391,22.9352758338
8.46666666667,2.29373970346,101.126065674,1.30043029785,22.9339397238
8.48333333333,2.29400582943,101.167757263,1.30058288574,22.9312677679
8.5,2.29480420732,101.167757263,1.3005065918,22.9326037018
8.51666666667,2.29533645926,101.167757263,1.30058288574,22.9312677679
8.53333333333,2.29586871119,101.167757263,1.30058288574,22.9312677679
8.55,2.29693321506,101.167757263,1.30058288574,22.9312677679
8.56666666667,2.30624762388,101.126065674,1.30065917969,22.929931922
8.58333333333,2.29852997085,101.126065674,1.30058288574,22.9312677679
8.6,2.29879609682,101.126065674,1.3005065918,22.9326037018
8.61666666667,2.29932834875,101.126065674,1.30035400391,22.9352758338
8.63333333333,2.29879609682,101.126065674,1.30043029785,22.9339397238
8.65,2.30145735648,101.167757263,1.30058288574,22.9312677679
8.66666666667,2.30225573438,101.167757263,1.30058288574,22.9312677679
8.68333333333,2.30012672665,101.167757263,1.30058288574,22.9312677679
8.7,2.30145735648,101.167757263,1.30058288574,22.9312677679
8.71666666667,2.30225573438,101.126065674,1.30065917969,22.929931922
8.73333333333,2.30624762388,101.126065674,1.3005065918,22.9326037018
8.75,2.30677987581,101.167757263,1.30065917969,22.929931922
8.76666666667,2.30651374984,101.084374084,1.30081176758,22.9272604942
8.78333333333,2.30677987581,101.167757263,1.30065917969,22.929931922
8.8,2.30731212774,101.084374084,1.30065917969,22.929931922
8.81666666667,2.30864275757,101.126065674,1.30065917969,22.929931922
8.83333333333,2.30811050564,101.167757263,1.30043029785,22.9339397238
8.85,2.30837663161,101.167757263,1.30043029785,22.9339397238
8.86666666667,2.30731212774,101.167757263,1.30043029785,22.9339397238
8.88333333333,2.30837663161,101.167757263,1.3005065918,22.9326037018
8.9,2.31982004816,101.084374084,1.30043029785,22.9339397238
8.91666666667,2.31103789127,101.084374084,1.3005065918,22.9326037018
8.93333333333,2.31130401723,101.167757263,1.30058288574,22.9312677679
8.95,2.31183626917,101.126065674,1.3005065918,22.9326037018
8.96666666667,2.31290077303,101.167757263,1.30058288574,22.9312677679
8.98333333333,2.3123685211,101.167757263,1.30065917969,22.929931922
9,2.31343302497,101.167757263,1.30081176758,22.9272604942
9.01666666667,2.31582815866,101.209448853,1.30073547363,22.9285961641
9.03333333333,2.31636041059,101.167757263,1.30065917969,22.929931922
9.05,2.31769104043,101.126065674,1.30043029785,22.9339397238
9.06666666667,2.32035230009,101.167757263,1.3005065918,22.9326037018
9.08333333333,2.32168292992,101.167757263,1.30058288574,22.9312677679
9.1,2.32194905589,101.167757263,1.30058288574,22.9312677679
9.11666666667,2.32407806362,101.126065674,1.3005065918,22.9326037018
9.13333333333,2.32461031555,101.167757263,1.30073547363,22.9285961641
9.15,2.32594094538,101.167757263,1.30073547363,22.9285961641
9.16666666667,2.32753770118,101.167757263,1.30081176758,22.9272604942
9.18333333333,2.32647319731,101.167757263,1.30073547363,22.9285961641
9.2,2.32966670891,101.126065674,1.30081176758,22.9272604942
9.21666666667,2.32780382714,101.251140442,1.30073547363,22.9285961641
9.23333333333,2.32753770118,101.167757263,1.30073547363,22.9285961641
9.25,2.32833607908,101.167757263,1.30088806152,22.9259249123
9.26666666667,2.32993283488,101.126065674,1.30073547363,22.9285961641
9.28333333333,2.33179571664,101.167757263,1.30088806152,22.9259249123
9.3,2.3328602205,101.167757263,1.30081176758,22.9272604942
9.31666666667,2.33312634647,101.167757263,1.30081176758,22.9272604942
9.33333333333,2.33206184261,101.126065674,1.30073547363,22.9285961641
9.35,2.3336585984,101.167757263,1.30058288574,22.9312677679
9.36666666667,2.33419085034,101.042682495,1.30065917969,22.929931922
9.38333333333,2.33658598403,101.126065674,1.30058288574,22.9312677679
9.4,2.33818273983,101.167757263,1.3005065918,22.9326037018
9.41666666667,2.33791661386,101.126065674,1.30058288574,22.9312677679
9.43333333333,2.33977949563,101.084374084,1.30073547363,22.9285961641
9.45,2.34057787353,101.167757263,1.30058288574,22.9312677679
9.46666666667,2.34217462932,101.167757263,1.30081176758,22.9272604942
9.48333333333,2.34111012546,101.209448853,1.30081176758,22.9272604942
9.5,2.34164237739,101.126065674,1.30073547363,22.9285961641
9.51666666667,2.34403751109,101.167757263,1.30081176758,22.9272604942
9.53333333333,2.34297300722,101.167757263,1.30088806152,22.9259249123
9.55,2.34297300722,101.126065674,1.30073547363,22.9285961641
9.56666666667,2.34350525916,101.167757263,1.30081176758,22.9272604942
9.58333333333,2.34403751109,101.167757263,1.30073547363,22.9285961641
9.6,2.34536814092,101.167757263,1.30073547363,22.9285961641
9.61666666667,2.34749714865,101.126065674,1.30073547363,22.9285961641
9.63333333333,2.34696489672,101.167757263,1.30058288574,22.9312677679
9.65,2.34802940058,101.084374084,1.3005065918,22.9326037018
9.66666666667,2.34909390445,101.167757263,1.30058288574,22.9312677679
9.68333333333,2.35122291218,101.167757263,1.30073547363,22.9285961641
9.7,2.35281966798,101.126065674,1.30058288574,22.9312677679
9.71666666667,2.35202129008,101.167757263,1.3005065918,22.9326037018
9.73333333333,2.35308579394,101.042682495,1.30058288574,22.9312677679
9.75,2.35388417184,101.126065674,1.3005065918,22.9326037018
9.76666666667,2.35521480167,101.126065674,1.3005065918,22.9326037018
9.78333333333,2.35468254974,101.167757263,1.30065917969,22.929931922
9.8,2.35574705361,101.167757263,1.30058288574,22.9312677679
9.81666666667,2.3565454315,101.167757263,1.30081176758,22.9272604942
9.83333333333,2.36160182486,101.126065674,1.30058288574,22.9312677679
9.85,2.35867443923,101.251140442,1.30081176758,22.9272604942
9.86666666667,2.35920669117,101.126065674,1.30073547363,22.9285961641
9.88333333333,2.3597389431,101.126065674,1.30073547363,22.9285961641
9.9,2.36160182486,101.167757263,1.30065917969,22.929931922
9.91666666667,2.36266632873,101.167757263,1.30088806152,22.9259249123
9.93333333333,2.37224686352,101.167757263,1.30065917969,22.929931922
9.95,2.36479533646,101.126065674,1.30065917969,22.929931922
9.96666666667,2.36559371436,101.167757263,1.30065917969,22.929931922
9.98333333333,2.36452921049,101.126065674,1.30058288574,22.9312677679
10,2.36692434419,101.167757263,1.30065917969,22.929931922
10.0166666667,2.36692434419,101.084374084,1.30058288574,22.9312677679
10.0333333333,2.36186795083,-61.5128244019,1.30058288574,22.9312677679
10.05,2.36426308453,-268.59494873,1.30065917969,22.929931922
10.0666666667,2.36798884805,-393.46125885,1.3005065918,22.9326037018
10.0833333333,2.36798884805,-471.216072998,1.30065917969,22.929931922
10.1,2.36852109999,-519.411550293,1.30065917969,22.929931922
10.1166666667,2.37011785579,-548.637354431,1.30081176758,22.9272604942
10.1333333333,2.37118235965,-567.315186462,1.30081176758,22.9272604942
10.15,2.37118235965,-578.947139893,1.30073547363,22.9285961641
10.1666666667,2.37251298948,-586.326551208,1.30081176758,22.9272604942
10.1833333333,2.37304524141,-590.996009216,1.30065917969,22.929931922
10.2,2.37224686352,-594.414719543,1.30073547363,22.9285961641
10.2166666667,2.37011785579,-594.956710205,1.30081176758,22.9272604942
10.2333333333,2.36985172982,-594.956710205,1.30081176758,22.9272604942
10.25,2.37091623368,-594.956710205,1.30065917969,22.929931922
10.2666666667,2.36905335192,-594.956710205,1.30088806152,22.9259249123
10.2833333333,2.36985172982,-594.956710205,1.30065917969,22.929931922
10.3,2.37065010772,-594.956710205,1.30065917969,22.929931922
10.3166666667,2.36931947789,-594.956710205,1.30058288574,22.9312677679
10.3333333333,2.37038398175,-594.956710205,1.3005065918,22.9326037018
10.35,2.36905335192,-594.956710205,1.30065917969,22.929931922
10.3666666667,2.37011785579,-594.956710205,1.3005065918,22.9326037018
10.3833333333,2.36905335192,-594.956710205,1.30058288574,22.9312677679
10.4,2.36772272209,-594.956710205,1.30058288574,22.9312677679
10.4166666667,2.36719047016,-594.956710205,1.30065917969,22.929931922
10.4333333333,2.36612596629,-594.956710205,1.30065917969,22.929931922
10.45,2.36452921049,-594.956710205,1.30058288574,22.9312677679
10.4666666667,2.36319858066,-594.956710205,1.30058288574,22.9312677679
10.4833333333,2.36452921049,-594.956710205,1.30073547363,22.9285961641
10.5,2.36452921049,-594.956710205,1.30065917969,22.929931922
10.5166666667,2.36426308453,-594.956710205,1.30073547363,22.9285961641
10.5333333333,2.36399695856,-594.956710205,1.30065917969,22.929931922
10.55,2.36346470663,-594.956710205,1.3005065918,22.9326037018
10.5666666667,2.36399695856,-594.956710205,1.30043029785,22.9339397238
10.5833333333,2.36346470663,-594.956710205,1.3005065918,22.9326037018
10.6,2.3621340768,-594.956710205,1.30065917969,22.929931922
10.6166666667,2.3621340768,-594.956710205,1.30065917969,22.929931922
10.6333333333,2.36240020276,-594.956710205,1.30081176758,22.9272604942
10.65,2.36160182486,-594.956710205,1.3005065918,22.9326037018
10.6666666667,2.36000506907,-594.956710205,1.30073547363,22.9285961641
10.6833333333,2.3597389431,-594.956710205,1.30065917969,22.929931922
10.7,2.35947281713,-594.956710205,1.30073547363,22.9285961641
10.7166666667,2.36080344696,-594.956710205,1.30073547363,22.9285961641
10.7333333333,2.36027119503,-594.956710205,1.30081176758,22.9272604942
10.75,2.3597389431,-594.956710205,1.30073547363,22.9285961641
10.7666666667,2.35867443923,-594.956710205,1.30073547363,22.9285961641
10.7833333333,2.3573438094,-594.956710205,1.30065917969,22.929931922
10.8,2.35548092764,-594.956710205,1.30065917969,22.929931922
10.8166666667,2.35468254974,-594.956710205,1.30065917969,22.929931922
10.8333333333,2.35095678621,-594.956710205,1.30149841309,22.9152434235
10.85,2.35335191991,-594.956710205,1.30088806152,22.9259249123
10.8666666667,2.35468254974,-594.956710205,1.30065917969,22.929931922
10.8833333333,2.35415029781,-594.956710205,1.30058288574,22.9312677679
10.9,2.35468254974,-594.956710205,1.30073547363,22.9285961641
10.9166666667,2.35521480167,-594.956710205,1.30058288574,22.9312677679
10.9333333333,2.35494867571,-594.956710205,1.30073547363,22.9285961641
10.95,2.35415029781,-594.956710205,1.30065917969,22.929931922
10.9666666667,2.35175516411,-594.956710205,1.30073547363,22.9285961641
10.9833333333,2.35175516411,-594.956710205,1.30065917969,22.929931922
11,2.35069066025,-594.956710205,1.30073547363,22.9285961641
11.0166666667,2.34962615638,-594.956710205,1.30065917969,22.929931922
11.0333333333,2.34936003041,-594.956710205,1.30058288574,22.9312677679
11.05,2.34802940058,-594.956710205,1.30073547363,22.9285961641
11.0666666667,2.34616651882,-594.956710205,1.30058288574,22.9312677679
11.0833333333,2.34882777848,-594.956710205,1.30065917969,22.929931922
11.1,2.34696489672,-594.956710205,1.3005065918,22.9326037018
11.1166666667,2.34696489672,-594.956710205,1.30027770996,22.9366120318
11.1333333333,2.34776327462,-594.956710205,1.30035400391,22.9352758338
11.15,2.34643264479,-594.956710205,1.30027770996,22.9366120318
11.1666666667,2.34643264479,-594.956710205,1.30027770996,22.9366120318
11.1833333333,2.34723102268,-594.956710205,1.30035400391,22.9352758338
11.2,2.34829552655,-594.956710205,1.30035400391,22.9352758338
11.2166666667,2.34749714865,-594.956710205,1.30027770996,22.9366120318
11.2333333333,2.34669877075,-594.956710205,1.30027770996,22.9366120318
11.25,2.35015840831,-594.956710205,1.30035400391,22.9352758338
11.2666666667,2.34669877075,-594.956710205,1.30035400391,22.9352758338
11.2833333333,2.34643264479,-594.956710205,1.30035400391,22.9352758338
11.3,2.34563426689,-594.956710205,1.30027770996,22.9366120318
11.3166666667,2.34456976302,-594.956710205,1.30035400391,22.9352758338
11.3333333333,2.34536814092,-594.956710205,1.30035400391,22.9352758338
11.35,2.34510201495,-594.956710205,1.3005065918,22.9326037018
11.3666666667,2.34456976302,-594.956710205,1.3005065918,22.9326037018
11.3833333333,2.34696489672,-594.956710205,1.30043029785,22.9339397238
11.4,2.34323913319,-594.956710205,1.30058288574,22.9312677679
11.4166666667,2.34776327462,-594.956710205,1.3005065918,22.9326037018
11.4333333333,2.34164237739,-594.956710205,1.30043029785,22.9339397238
11.45,2.3392472437,-594.956710205,1.30043029785,22.9339397238
11.4666666667,2.3392472437,-594.956710205,1.30043029785,22.9339397238
11.4833333333,2.3376504879,-594.956710205,1.30027770996,22.9366120318
11.5,2.33711823597,-594.956710205,1.30027770996,22.9366120318
11.5166666667,2.33818273983,-594.956710205,1.30027770996,22.9366120318
11.5333333333,2.33578760613,-594.956710205,1.30027770996,22.9366120318
11.55,2.33552148017,-594.956710205,1.30027770996,22.9366120318
11.5666666667,2.33472310227,-594.956710205,1.30020141602,22.937948318
11.5833333333,2.33498922823,-594.956710205,1.30020141602,22.937948318
11.6,2.3352553542,-594.956710205,1.30043029785,22.9339397238
11.6166666667,2.33472310227,-594.956710205,1.30035400391,22.9352758338
11.6333333333,2.33498922823,-594.956710205,1.30043029785,22.9339397238
11.65,2.33472310227,-594.956710205,1.30035400391,22.9352758338
11.6666666667,2.33046508681,-594.956710205,1.30035400391,22.9352758338
11.6833333333,2.33073121277,-594.956710205,1.30043029785,22.9339397238
11.7,2.33152959067,-594.956710205,1.3005065918,22.9326037018
11.7166666667,2.33126346471,-594.956710205,1.30035400391,22.9352758338
11.7333333333,2.33232796857,-594.956710205,1.30027770996,22.9366120318
11.75,2.33152959067,-594.956710205,1.30043029785,22.9339397238
11.7666666667,2.33206184261,-594.956710205,1.30043029785,22.9339397238
11.7833333333,2.33019896084,-594.956710205,1.30027770996,22.9366120318
11.8,2.33685211,-594.956710205,1.30043029785,22.9339397238
11.8166666667,2.33046508681,-594.956710205,1.30035400391,22.9352758338
11.8333333333,2.32620707135,-594.956710205,1.30020141602,22.937948318
11.85,2.32620707135,-594.956710205,1.30004882813,22.9406211545
11.8666666667,2.32487644152,-594.956710205,1.30004882813,22.9406211545
11.8833333333,2.32487644152,-594.956710205,1.30012512207,22.9392846922
11.9,2.32461031555,-594.956710205,1.30012512207,22.9392846922
11.9166666667,2.32540869345,-594.956710205,1.30027770996,22.9366120318
11.9333333333,2.32700544925,-594.956710205,1.30012512207,22.9392846922
11.95,2.32540869345,-594.956710205,1.30027770996,22.9366120318
11.9666666667,2.32461031555,-594.956710205,1.30027770996,22.9366120318
11.9833333333,2.32487644152,-594.956710205,1.30027770996,22.9366120318
12,2.32381193765,-594.956710205,1.30027770996,22.9366120318
12.0166666667,2.32301355975,-594.956710205,1.30020141602,22.937948318
12.0333333333,2.32248130782,-594.956710205,1.30012512207,22.9392846922
12.05,2.32194905589,-594.956710205,1.30012512207,22.9392846922
12.0666666667,2.32168292992,-594.956710205,1.30012512207,22.9392846922
12.0833333333,2.32274743379,-594.956710205,1.30012512207,22.9392846922
12.1,2.31955392219,-594.956710205,1.30012512207,22.9392846922
12.1166666667,2.31902167026,-594.956710205,1.29997253418,22.9419577049
12.1333333333,2.31848941832,-594.956710205,1.29997253418,22.9419577049
12.15,2.32194905589,-594.956710205,1.30004882813,22.9406211545
12.1666666667,2.32061842605,-594.956710205,1.30004882813,22.9406211545
12.1833333333,2.32008617412,-594.956710205,1.30012512207,22.9392846922
12.2,2.31742491446,-594.956710205,1.30004882813,22.9406211545
12.2166666667,2.31769104043,-594.956710205,1.29989624023,22.9432943434
12.2333333333,2.31662653656,-594.956710205,1.29974365234,22.9459678848
12.25,2.31582815866,-594.956710205,1.29989624023,22.9432943434
12.2666666667,2.31662653656,-594.956710205,1.29989624023,22.9432943434
12.2833333333,2.31529590673,-594.956710205,1.29989624023,22.9432943434
12.3,2.31689266253,-594.956710205,1.29989624023,22.9432943434
12.3166666667,2.31822329236,-594.956710205,1.30004882813,22.9406211545
12.3333333333,2.31822329236,-594.956710205,1.29989624023,22.9432943434
12.35,2.31769104043,-594.956710205,1.29997253418,22.9419577049
12.3666666667,2.3147636548,-594.956710205,1.29989624023,22.9432943434
12.3833333333,2.31449752883,-594.956710205,1.29997253418,22.9419577049
12.4,2.31449752883,-594.956710205,1.29997253418,22.9419577049
12.4166666667,2.3123685211,-594.956710205,1.30004882813,22.9406211545
12.4333333333,2.31050563934,-594.956710205,1.29997253418,22.9419577049
12.45,2.3107717653,-594.956710205,1.29989624023,22.9432943434
12.4666666667,2.30970726144,-594.956710205,1.29997253418,22.9419577049
12.4833333333,2.3099733874,-594.956710205,1.29981994629,22.9446310701
12.5,2.30944113547,-594.956710205,1.29989624023,22.9432943434
12.5166666667,2.30864275757,-594.956710205,1.29974365234,22.9459678848
12.5333333333,2.30837663161,-594.956710205,1.29981994629,22.9446310701
12.55,2.3091750095,-594.956710205,1.29974365234,22.9459678848
12.5666666667,2.30757825371,-594.956710205,1.29989624023,22.9432943434
12.5833333333,2.3091750095,-594.956710205,1.29974365234,22.9459678848
12.6,2.3091750095,-594.956710205,1.29997253418,22.9419577049
12.6166666667,2.30811050564,-594.956710205,1.29989624023,22.9432943434
12.6333333333,2.30890888354,-594.956710205,1.29989624023,22.9432943434
12.65,2.30864275757,-594.956710205,1.29981994629,22.9446310701
12.6666666667,2.30837663161,-594.956710205,1.29974365234,22.9459678848
12.6833333333,2.30624762388,-594.956710205,1.29981994629,22.9446310701
12.7,2.30757825371,-594.956710205,1.29997253418,22.9419577049
12.7166666667,2.30757825371,-594.956710205,1.29989624023,22.9432943434
12.7333333333,2.30624762388,-594.956710205,1.29989624023,22.9432943434
12.75,2.30571537194,-594.956710205,1.29974365234,22.9459678848
12.7666666667,2.30598149791,-594.956710205,1.29989624023,22.9432943434
12.7833333333,2.30411861614,-594.956710205,1.29974365234,22.9459678848
12.8,2.32061842605,-594.956710205,1.29974365234,22.9459678848
12.8166666667,2.30518312001,-594.956710205,1.2996673584,22.9473047878
12.8333333333,2.30252186035,-594.956710205,1.29951477051,22.9499788581
12.85,2.30704600177,-594.956710205,1.29943847656,22.9513160255
12.8666666667,2.30172348245,-594.956710205,1.29951477051,22.9499788581
12.8833333333,2.30358636421,-594.956710205,1.29974365234,22.9459678848
12.9,2.30092510455,-594.956710205,1.2996673584,22.9473047878
12.9166666667,2.30119123052,-594.956710205,1.29981994629,22.9446310701
12.9333333333,2.29906222279,-594.956710205,1.29981994629,22.9446310701
12.95,2.30039285262,-594.956710205,1.29974365234,22.9459678848
12.9666666667,2.3155620327,-594.956710205,1.29974365234,22.9459678848
12.9833333333,2.30065897858,-594.956710205,1.2996673584,22.9473047878
13,2.29932834875,-594.956710205,1.29943847656,22.9513160255
13.0166666667,2.29959447472,-594.956710205,1.29959106445,22.9486417788
13.0333333333,2.29799771892,-594.956710205,1.29943847656,22.9513160255
13.05,2.30332023825,-594.956710205,1.29951477051,22.9499788581
13.0666666667,2.29693321506,-594.956710205,1.29951477051,22.9499788581
13.0833333333,2.29586871119,-594.956710205,1.29959106445,22.9486417788
13.1,2.29613483716,-594.956710205,1.29943847656,22.9513160255
13.1166666667,2.29613483716,-594.956710205,1.29951477051,22.9499788581
13.1333333333,2.29320745153,-594.956710205,1.29928588867,22.953990625
13.15,2.2918768217,-594.956710205,1.29928588867,22.953990625
13.1666666667,2.2910784438,-594.956710205,1.29928588867,22.953990625
13.1833333333,2.2910784438,-594.956710205,1.29936218262,22.9526532811
13.2,2.29081231783,-594.956710205,1.29936218262,22.9526532811
13.2166666667,2.29161069573,-594.956710205,1.29943847656,22.9513160255
13.2333333333,2.2918768217,-594.956710205,1.29928588867,22.953990625
13.25,2.2910784438,-594.956710205,1.29943847656,22.9513160255
13.2666666667,2.2910784438,-594.956710205,1.29920959473,22.955328057
13.2833333333,2.2918768217,-594.956710205,1.29928588867,22.953990625
13.3,2.29054619186,-594.956710205,1.29920959473,22.955328057
13.3166666667,2.28974781397,-594.956710205,1.29913330078,22.9566655772
13.3333333333,2.28761880623,-594.956710205,1.29928588867,22.953990625
13.35,2.28761880623,-594.956710205,1.29920959473,22.955328057
13.3666666667,2.2870865543,-594.956710205,1.29913330078,22.9566655772
13.3833333333,2.28602205044,-594.956710205,1.29920959473,22.955328057
13.4,2.28761880623,-594.956710205,1.29920959473,22.955328057
13.4166666667,2.28682042834,-594.956710205,1.29920959473,22.955328057
13.4333333333,2.28815105817,-594.956710205,1.29920959473,22.955328057
13.45,2.28655430237,-594.956710205,1.29920959473,22.955328057
13.4666666667,2.28655430237,-594.956710205,1.29920959473,22.955328057
13.4833333333,2.28602205044,-594.956710205,1.29913330078,22.9566655772
13.5,2.28469142061,-594.956710205,1.29913330078,22.9566655772
13.5166666667,2.28415916867,-594.956710205,1.29913330078,22.9566655772
13.5333333333,2.28229628691,-594.956710205,1.29913330078,22.9566655772
13.55,2.28149790901,-594.956710205,1.29913330078,22.9566655772
13.5666666667,2.28442529464,-594.956710205,1.29920959473,22.955328057
13.5833333333,2.28176403498,-594.956710205,1.29905700684,22.9580031857
13.6,2.28203016094,-594.956710205,1.29913330078,22.9566655772
13.6166666667,2.28256241288,-594.956710205,1.29913330078,22.9566655772
13.6333333333,2.28256241288,-594.956710205,1.29920959473,22.955328057
13.65,2.28362691674,-594.956710205,1.29913330078,22.9566655772
13.6666666667,2.28256241288,-594.956710205,1.29913330078,22.9566655772
13.6833333333,2.28149790901,-594.956710205,1.29913330078,22.9566655772
13.7,2.28043340515,-594.956710205,1.29913330078,22.9566655772
13.7166666667,2.27883664935,-594.956710205,1.29905700684,22.9580031857
13.7333333333,2.27910277531,-594.956710205,1.29905700684,22.9580031857
13.75,2.27750601952,-594.956710205,1.29905700684,22.9580031857
13.7666666667,2.27697376758,-594.956710205,1.29905700684,22.9580031857
13.7833333333,2.27723989355,-594.956710205,1.29905700684,22.9580031857
13.8,2.27697376758,-594.956710205,1.29913330078,22.9566655772
13.8166666667,2.27857052338,-594.956710205,1.29913330078,22.9566655772
13.8333333333,2.27830439741,-594.956710205,1.29898071289,22.9593408825
13.85,2.27750601952,-594.956710205,1.29905700684,22.9580031857
13.8666666667,2.27564313775,-594.956710205,1.29898071289,22.9593408825
13.8833333333,2.27511088582,-594.956710205,1.29890441895,22.9606786675
13.9,2.27404638195,-594.956710205,1.29905700684,22.9580031857
13.9166666667,2.27378025599,-594.956710205,1.29905700684,22.9580031857
13.9333333333,2.27617538968,-594.956710205,1.29905700684,22.9580031857
13.95,2.27457863389,-594.956710205,1.29898071289,22.9593408825
13.9666666667,2.27484475985,-594.956710205,1.29913330078,22.9566655772
13.9833333333,2.27431250792,-594.956710205,1.29890441895,22.9606786675
14,2.27138512229,-594.956710205,1.29898071289,22.9593408825
14.0166666667,2.27138512229,-594.956710205,1.29905700684,22.9580031857
14.0333333333,2.27058674439,-594.956710205,1.29905700684,22.9580031857
14.05,2.26925611456,-594.956710205,1.29898071289,22.9593408825
14.0666666667,2.26898998859,-594.956710205,1.29905700684,22.9580031857
14.0833333333,2.26845773666,-594.956710205,1.29913330078,22.9566655772
14.1,2.26845773666,-594.956710205,1.29905700684,22.9580031857
14.1166666667,2.26925611456,-594.956710205,1.29905700684,22.9580031857
14.1333333333,2.26845773666,-594.956710205,1.29898071289,22.9593408825
14.15,2.26792548473,-594.956710205,1.29898071289,22.9593408825
14.1666666667,2.2681916107,-594.956710205,1.29898071289,22.9593408825
14.1833333333,2.26712710683,-594.956710205,1.29898071289,22.9593408825
14.2,2.26446584717,-594.956710205,1.29890441895,22.9606786675
14.2166666667,2.26473197313,-594.956710205,1.29898071289,22.9593408825
14.2333333333,2.2665948549,-594.956710205,1.29898071289,22.9593408825
14.25,2.26632872893,-594.956710205,1.29898071289,22.9593408825
14.2666666667,2.26712710683,-594.956710205,1.29890441895,22.9606786675
14.2833333333,2.2665948549,-594.956710205,1.29898071289,22.9593408825
14.3,2.26553035103,-594.956710205,1.29898071289,22.9593408825
14.3166666667,2.2649980991,-594.956710205,1.298828125,22.9620165407
14.3333333333,2.26632872893,-594.956710205,1.29898071289,22.9593408825
14.35,2.2854897985,-594.956710205,1.29898071289,22.9593408825
14.3666666667,2.26765935876,-594.956710205,1.29898071289,22.9593408825
14.3833333333,2.26473197313,-594.956710205,1.29890441895,22.9606786675
14.4,2.2626029654,-594.956710205,1.29890441895,22.9606786675
14.4166666667,2.26233683944,-594.956710205,1.29890441895,22.9606786675
14.4333333333,2.26047395767,-594.956710205,1.29898071289,22.9593408825
14.45,2.25887720188,-594.956710205,1.29875183105,22.9633545023
14.4666666667,2.25994170574,-594.956710205,1.29890441895,22.9606786675
14.4833333333,2.26020783171,-594.956710205,1.29867553711,22.9646925521
14.5,2.26100620961,-594.956710205,1.298828125,22.9620165407
14.5166666667,2.25940945381,-594.956710205,1.29875183105,22.9633545023
14.5333333333,2.25994170574,-594.956710205,1.29867553711,22.9646925521
14.55,2.25940945381,-594.956710205,1.298828125,22.9620165407
14.5666666667,2.25967557977,-594.956710205,1.29875183105,22.9633545023
14.5833333333,2.25914332784,-594.956710205,1.29890441895,22.9606786675
14.6,2.25887720188,-594.956710205,1.298828125,22.9620165407
14.6166666667,2.25754657204,-594.956710205,1.29890441895,22.9606786675
14.6333333333,2.25674819415,-594.956710205,1.298828125,22.9620165407
14.65,2.25621594221,-594.956710205,1.298828125,22.9620165407
14.6666666667,2.27431250792,-594.956710205,1.29875183105,22.9633545023
14.6833333333,2.25754657204,-594.956710205,1.29859924316,22.9660306902
14.7,2.25355468255,-594.956710205,1.298828125,22.9620165407
14.7166666667,2.25275630465,-594.956710205,1.29867553711,22.9646925521
14.7333333333,2.25275630465,-594.956710205,1.29875183105,22.9633545023
14.75,2.25249017868,-594.956710205,1.29859924316,22.9660306902
14.7666666667,2.25089342289,-594.956710205,1.29859924316,22.9660306902
14.7833333333,2.24982891902,-594.956710205,1.29859924316,22.9660306902
14.8,2.25009504499,-594.956710205,1.29867553711,22.9646925521
14.8166666667,2.24876441516,-594.956710205,1.29867553711,22.9646925521
14.8333333333,2.24982891902,-594.956710205,1.29867553711,22.9646925521
14.85,2.24903054112,-594.956710205,1.29875183105,22.9633545023
14.8666666667,2.25036117095,-594.956710205,1.29875183105,22.9633545023
14.8833333333,2.25009504499,-594.956710205,1.29859924316,22.9660306902
14.9,2.24956279306,-594.956710205,1.29859924316,22.9660306902
14.9166666667,2.25142567482,-594.956710205,1.29859924316,22.9660306902
14.9333333333,2.24929666709,-594.956710205,1.29867553711,22.9646925521
14.95,2.25036117095,-594.956710205,1.29875183105,22.9633545023
14.9666666667,2.24929666709,-594.956710205,1.29859924316,22.9660306902
14.9833333333,2.24716765936,-594.956710205,1.29852294922,22.9673689166
15,2.24636928146,-594.956710205,1.29859924316,22.9660306902
15.0166666667,2.24823216322,-594.956710205,1.29844665527,22.9687072314
15.0333333333,2.24583702953,-594.956710205,1.29852294922,22.9673689166
15.05,2.24344189583,-594.956710205,1.29829406738,22.971384126
15.0666666667,2.25275630465,-594.956710205,1.29852294922,22.9673689166
15.0833333333,2.25648206818,101.084374084,1.29852294922,22.9673689166
15.1,2.24184514003,101.042682495,1.29844665527,22.9687072314
15.1166666667,2.24237739197,101.084374084,1.29859924316,22.9660306902
15.1333333333,2.24503865163,101.042682495,1.29867553711,22.9646925521
15.15,2.24264351793,100.959299316,1.29852294922,22.9673689166
15.1666666667,2.2429096439,86.2838598633,1.29806518555,22.9754001305
15.1833333333,2.25435306045,75.3189718628,1.29829406738,22.971384126
15.2,2.24636928146,74.4434484863,1.29852294922,22.9673689166
15.2166666667,2.24557090356,70.5244390869,1.29821777344,22.9727227058
15.2333333333,2.2437080218,69.8156820679,1.29837036133,22.9700456345
15.25,2.242111266,67.7727941895,1.29814147949,22.9740613739
15.2666666667,2.24264351793,58.0169622803,1.29821777344,22.9727227058
15.2833333333,2.24317576986,58.100345459,1.29829406738,22.971384126
15.3,2.24397414776,51.6798406982,1.29844665527,22.9687072314
15.3166666667,2.24424027373,51.7215322876,1.29837036133,22.9700456345
15.3333333333,2.2437080218,51.763223877,1.2979888916,22.9767389754
15.35,2.24663540743,51.8466070557,1.29821777344,22.9727227058
15.3666666667,2.24477252566,51.8466070557,1.29837036133,22.9700456345
15.3833333333,2.24610315549,51.8049154663,1.29829406738,22.971384126
15.4,2.25115954885,51.8049154663,1.29806518555,22.9754001305
15.4166666667,2.24583702953,51.763223877,1.29814147949,22.9740613739
15.4333333333,2.24557090356,51.8049154663,1.29844665527,22.9687072314
15.45,2.24557090356,51.763223877,1.29852294922,22.9673689166
15.4666666667,2.24557090356,51.8466070557,1.29844665527,22.9687072314
15.4833333333,2.24636928146,51.8049154663,1.29859924316,22.9660306902
15.5,2.24743378533,51.763223877,1.29859924316,22.9660306902
15.5166666667,2.24716765936,51.7215322876,1.29875183105,22.9633545023
15.5333333333,2.24823216322,51.8049154663,1.29875183105,22.9633545023
15.55,2.24823216322,51.7215322876,1.29898071289,22.9593408825
15.5666666667,2.25728044608,51.8049154663,1.29898071289,22.9593408825
15.5833333333,2.25169180079,51.8049154663,1.29905700684,22.9580031857
15.6,2.25036117095,51.8049154663,1.29905700684,22.9580031857
15.6166666667,2.24929666709,51.8049154663,1.29943847656,22.9513160255
15.6333333333,2.25169180079,51.8049154663,1.29928588867,22.953990625
15.65,2.25115954885,51.8466070557,1.29951477051,22.9499788581
15.6666666667,2.25142567482,51.8466070557,1.29951477051,22.9499788581
15.6833333333,2.25249017868,51.8049154663,1.29951477051,22.9499788581
15.7,2.26020783171,51.8049154663,1.29959106445,22.9486417788
15.7166666667,2.25249017868,51.763223877,1.29951477051,22.9499788581
15.7333333333,2.25222405272,51.8466070557,1.29951477051,22.9499788581
15.75,2.25036117095,51.8049154663,1.29959106445,22.9486417788
15.7666666667,2.25169180079,51.8466070557,1.29959106445,22.9486417788
15.7833333333,2.25222405272,51.8466070557,1.29936218262,22.9526532811
15.8,2.25408693448,51.763223877,1.29943847656,22.9513160255
15.8166666667,2.25302243062,51.8049154663,1.29951477051,22.9499788581
15.8333333333,2.25355468255,51.8049154663,1.29943847656,22.9513160255
15.85,2.25515143835,51.8049154663,1.29951477051,22.9499788581
15.8666666667,2.25648206818,51.763223877,1.29951477051,22.9499788581
15.8833333333,2.25754657204,51.8466070557,1.29959106445,22.9486417788
15.9,2.25568369028,51.8466070557,1.29936218262,22.9526532811
15.9166666667,2.25568369028,51.8466070557,1.29951477051,22.9499788581
15.9333333333,2.25594981625,51.8466070557,1.29936218262,22.9526532811
15.95,2.25701432011,51.8049154663,1.29943847656,22.9513160255
15.9666666667,2.25781269801,51.763223877,1.29943847656,22.9513160255
15.9833333333,2.25967557977,51.888298645,1.29951477051,22.9499788581
16,2.25967557977,51.8466070557,1.29936218262,22.9526532811
16.0166666667,2.26020783171,51.8466070557,1.29936218262,22.9526532811
16.0333333333,2.26074008364,51.8049154663,1.29943847656,22.9513160255
16.05,2.26127233557,51.763223877,1.29928588867,22.953990625
16.0666666667,2.26074008364,51.8049154663,1.29920959473,22.955328057
16.0833333333,2.2626029654,51.8049154663,1.29928588867,22.953990625
16.1,2.26020783171,51.763223877,1.29920959473,22.955328057
16.1166666667,2.26074008364,51.8466070557,1.29920959473,22.955328057
16.1333333333,2.26127233557,51.8466070557,1.29920959473,22.955328057
16.15,2.26898998859,51.8466070557,1.29928588867,22.953990625
16.1666666667,2.26313521734,51.8466070557,1.29928588867,22.953990625
16.1833333333,2.26313521734,51.8466070557,1.29920959473,22.955328057
16.2,2.2634013433,51.8466070557,1.29920959473,22.955328057
16.2166666667,2.26446584717,51.8049154663,1.29928588867,22.953990625
16.2333333333,2.2634013433,51.8049154663,1.29913330078,22.9566655772
16.25,2.2641997212,51.8466070557,1.29913330078,22.9566655772
16.2666666667,2.26393359524,51.8049154663,1.29913330078,22.9566655772
16.2833333333,2.26473197313,51.8466070557,1.29913330078,22.9566655772
16.3,2.26446584717,51.763223877,1.29905700684,22.9580031857
16.3166666667,2.26446584717,51.8466070557,1.29905700684,22.9580031857
16.3333333333,2.26473197313,51.8049154663,1.29905700684,22.9580031857
16.35,2.26632872893,51.8466070557,1.29920959473,22.955328057
16.3666666667,2.26606260297,51.8049154663,1.29920959473,22.955328057
16.3833333333,2.28123178304,51.8049154663,1.29913330078,22.9566655772
16.4,2.26898998859,51.8466070557,1.29913330078,22.9566655772
16.4166666667,2.26526422507,51.8466070557,1.29913330078,22.9566655772
16.4333333333,2.265796477,51.8466070557,1.29913330078,22.9566655772
16.45,2.2673932328,51.8466070557,1.29913330078,22.9566655772
16.4666666667,2.26632872893,51.8466070557,1.29920959473,22.955328057
16.4833333333,2.26632872893,51.8049154663,1.29920959473,22.955328057
16.5,2.26765935876,51.8049154663,1.29905700684,22.9580031857
16.5166666667,2.27670764162,51.8049154663,1.29898071289,22.9593408825
16.5333333333,2.27005449246,51.8466070557,1.29898071289,22.9593408825
16.55,2.27058674439,51.8466070557,1.29905700684,22.9580031857
16.5666666667,2.26898998859,51.8466070557,1.29890441895,22.9606786675
16.5833333333,2.27058674439,51.8466070557,1.29898071289,22.9593408825
16.6,2.27058674439,51.8466070557,1.29905700684,22.9580031857
16.6166666667,2.27111899632,51.8466070557,1.29898071289,22.9593408825
16.6333333333,2.27138512229,51.8466070557,1.29905700684,22.9580031857
16.65,2.27271575212,51.8049154663,1.29905700684,22.9580031857
16.6666666667,2.27378025599,51.8466070557,1.29905700684,22.9580031857
16.6833333333,2.27457863389,51.763223877,1.29898071289,22.9593408825
16.7,2.27351413002,51.8466070557,1.29905700684,22.9580031857
16.7166666667,2.27378025599,51.8466070557,1.29898071289,22.9593408825
16.7333333333,2.27404638195,51.8049154663,1.29898071289,22.9593408825
16.75,2.27511088582,51.763223877,1.29898071289,22.9593408825
16.7666666667,2.27484475985,51.8049154663,1.29905700684,22.9580031857
16.7833333333,2.27537701179,51.8466070557,1.29905700684,22.9580031857
16.8,2.27697376758,51.8466070557,1.29898071289,22.9593408825
16.8166666667,2.27644151565,51.8466070557,1.29905700684,22.9580031857
16.8333333333,2.27857052338,51.8466070557,1.29905700684,22.9580031857
16.85,2.27883664935,51.888298645,1.29898071289,22.9593408825
16.8666666667,2.27670764162,51.8466070557,1.29905700684,22.9580031857
16.8833333333,2.27644151565,51.888298645,1.29898071289,22.9593408825
16.9,2.27644151565,51.8466070557,1.29898071289,22.9593408825
16.9166666667,2.27883664935,51.8466070557,1.29898071289,22.9593408825
16.9333333333,2.27830439741,51.8466070557,1.29898071289,22.9593408825
16.95,2.27963502725,51.8049154663,1.29905700684,22.9580031857
16.9666666667,2.27936890128,51.8466070557,1.29898071289,22.9593408825
16.9833333333,2.28016727918,51.8466070557,1.29898071289,22.9593408825
17,2.28096565708,51.8466070557,1.29905700684,22.9580031857
17.0166666667,2.28043340515,51.763223877,1.29898071289,22.9593408825
17.0333333333,2.28096565708,51.8466070557,1.29898071289,22.9593408825
17.05,2.28203016094,51.8466070557,1.29898071289,22.9593408825
17.0666666667,2.28176403498,51.8049154663,1.29898071289,22.9593408825
17.0833333333,2.28256241288,51.8466070557,1.29890441895,22.9606786675
17.1,2.28362691674,51.8466070557,1.29898071289,22.9593408825
17.1166666667,2.28203016094,51.8466070557,1.29890441895,22.9606786675
17.1333333333,2.28176403498,51.8466070557,1.29890441895,22.9606786675
17.15,2.28256241288,51.888298645,1.29905700684,22.9580031857
17.1666666667,2.28176403498,51.8466070557,1.29898071289,22.9593408825
17.1833333333,2.28362691674,51.8466070557,1.29898071289,22.9593408825
17.2,2.28469142061,51.888298645,1.29898071289,22.9593408825
17.2166666667,2.2862881764,51.8466070557,1.29898071289,22.9593408825
17.2333333333,2.28735268027,51.8466070557,1.29898071289,22.9593408825
17.25,2.28815105817,51.8049154663,1.29898071289,22.9593408825
17.2666666667,2.28841718413,51.8466070557,1.29898071289,22.9593408825
17.2833333333,2.2870865543,51.8466070557,1.298828125,22.9620165407
17.3,2.2886833101,51.8049154663,1.29890441895,22.9606786675
17.3166666667,2.2886833101,51.8466070557,1.29890441895,22.9606786675
17.3333333333,2.289481688,51.8049154663,1.29898071289,22.9593408825
17.35,2.2886833101,51.888298645,1.29890441895,22.9606786675
17.3666666667,2.289481688,51.8049154663,1.298828125,22.9620165407
17.3833333333,2.289481688,51.8466070557,1.29898071289,22.9593408825
17.4,2.29161069573,51.8466070557,1.29875183105,22.9633545023
17.4166666667,2.2910784438,51.8049154663,1.29890441895,22.9606786675
17.4333333333,2.29294132556,51.8466070557,1.298828125,22.9620165407
17.45,2.29533645926,51.8466070557,1.29890441895,22.9606786675
17.4666666667,2.29267519959,51.8466070557,1.29898071289,22.9593408825
17.4833333333,2.29294132556,51.8466070557,1.29898071289,22.9593408825
17.5,2.29347357749,51.888298645,1.298828125,22.9620165407
17.5166666667,2.29320745153,51.8466070557,1.29898071289,22.9593408825
17.5333333333,2.29427195539,51.888298645,1.29898071289,22.9593408825
17.55,2.29373970346,51.8466070557,1.29890441895,22.9606786675
17.5666666667,2.29427195539,51.8049154663,1.29890441895,22.9606786675
17.5833333333,2.29320745153,51.8049154663,1.29890441895,22.9606786675
17.6,2.29320745153,51.8049154663,1.29875183105,22.9633545023
17.6166666667,2.29373970346,51.8466070557,1.298828125,22.9620165407
17.6333333333,2.29427195539,51.8466070557,1.29890441895,22.9606786675
17.65,2.29320745153,51.8466070557,1.29890441895,22.9606786675
17.6666666667,2.29746546699,51.8466070557,1.29898071289,22.9593408825
17.6833333333,2.29666708909,51.8049154663,1.298828125,22.9620165407
17.7,2.30012672665,51.8466070557,1.29875183105,22.9633545023
17.7166666667,2.29693321506,51.8049154663,1.29890441895,22.9606786675
17.7333333333,2.29959447472,51.8466070557,1.29890441895,22.9606786675
17.75,2.29959447472,51.8049154663,1.29890441895,22.9606786675
17.7666666667,2.30065897858,51.888298645,1.29890441895,22.9606786675
17.7833333333,2.30092510455,51.8466070557,1.29875183105,22.9633545023
17.8,2.30039285262,51.888298645,1.298828125,22.9620165407
17.8166666667,2.30012672665,51.8466070557,1.298828125,22.9620165407
17.8333333333,2.30012672665,51.888298645,1.29875183105,22.9633545023
17.85,2.30198960841,51.8466070557,1.29898071289,22.9593408825
17.8666666667,2.30172348245,51.8049154663,1.29867553711,22.9646925521
17.8833333333,2.30305411228,51.8466070557,1.29890441895,22.9606786675
17.9,2.30358636421,51.8466070557,1.29867553711,22.9646925521
17.9166666667,2.30465086808,51.763223877,1.29875183105,22.9633545023
17.9333333333,2.30465086808,51.763223877,1.298828125,22.9620165407
17.95,2.30438474211,51.8466070557,1.29875183105,22.9633545023
17.9666666667,2.30438474211,51.8466070557,1.29867553711,22.9646925521
17.9833333333,2.30624762388,51.8466070557,1.29859924316,22.9660306902
18,2.30677987581,51.8049154663,1.29875183105,22.9633545023
18.0166666667,2.30757825371,51.8466070557,1.29875183105,22.9633545023
18.0333333333,2.30864275757,51.8466070557,1.298828125,22.9620165407
18.05,2.30864275757,51.8049154663,1.29859924316,22.9660306902
18.0666666667,2.3091750095,51.8049154663,1.29890441895,22.9606786675
18.0833333333,2.30944113547,51.8466070557,1.29875183105,22.9633545023
18.1,2.3091750095,51.8049154663,1.29867553711,22.9646925521
18.1166666667,2.3099733874,51.888298645,1.29875183105,22.9633545023
18.1333333333,2.3107717653,51.8466070557,1.29875183105,22.9633545023
18.15,2.31103789127,51.888298645,1.29852294922,22.9673689166
18.1666666667,2.31103789127,51.8466070557,1.29867553711,22.9646925521
18.1833333333,2.3099733874,51.8466070557,1.298828125,22.9620165407
18.2,2.3099733874,51.8466070557,1.29867553711,22.9646925521
18.2166666667,2.3091750095,51.8466070557,1.29875183105,22.9633545023
18.2333333333,2.31023951337,51.8049154663,1.29859924316,22.9660306902
18.25,2.31050563934,51.8466070557,1.29875183105,22.9633545023
18.2666666667,2.30944113547,51.8466070557,1.29859924316,22.9660306902
18.2833333333,2.30944113547,51.8466070557,1.29859924316,22.9660306902
18.3,2.31130401723,51.8049154663,1.29867553711,22.9646925521
18.3166666667,2.31130401723,51.8049154663,1.29875183105,22.9633545023
18.3333333333,2.313166899,51.8466070557,1.29875183105,22.9633545023
18.35,2.31263464707,51.8466070557,1.29867553711,22.9646925521
18.3666666667,2.31369915093,51.8466070557,1.29875183105,22.9633545023
18.3833333333,2.31369915093,51.888298645,1.29867553711,22.9646925521
18.4,2.31502978076,51.8049154663,1.29852294922,22.9673689166
18.4166666667,2.31449752883,51.8049154663,1.29844665527,22.9687072314
18.4333333333,2.31662653656,51.8466070557,1.29852294922,22.9673689166
18.45,2.31742491446,51.8466070557,1.29867553711,22.9646925521
18.4666666667,2.31636041059,51.8466070557,1.29852294922,22.9673689166
18.4833333333,2.31769104043,51.8466070557,1.29875183105,22.9633545023
18.5,2.31769104043,51.8466070557,1.29867553711,22.9646925521
18.5166666667,2.31769104043,51.8466070557,1.29867553711,22.9646925521
18.5333333333,2.31822329236,51.8466070557,1.29867553711,22.9646925521
18.55,2.31822329236,51.8466070557,1.29859924316,22.9660306902
18.5666666667,2.31848941832,51.8466070557,1.29859924316,22.9660306902
18.5833333333,2.31769104043,51.8049154663,1.29844665527,22.9687072314
18.6,2.31822329236,51.8466070557,1.29859924316,22.9660306902
18.6166666667,2.31875554429,51.8049154663,1.29859924316,22.9660306902
18.6333333333,2.32035230009,51.888298645,1.29859924316,22.9660306902
18.65,2.32088455202,51.8466070557,1.29859924316,22.9660306902
18.6666666667,2.31795716639,51.8049154663,1.29905700684,22.9580031857
18.6833333333,2.32194905589,51.8466070557,1.29875183105,22.9633545023
18.7,2.32301355975,51.888298645,1.29875183105,22.9633545023
18.7166666667,2.32354581168,51.8049154663,1.29867553711,22.9646925521
18.7333333333,2.32381193765,51.8466070557,1.29875183105,22.9633545023
18.75,2.32381193765,51.8466070557,1.29875183105,22.9633545023
18.7666666667,2.32327968572,51.8466070557,1.29875183105,22.9633545023
18.7833333333,2.32407806362,51.8466070557,1.29875183105,22.9633545023
18.8,2.32514256748,51.8466070557,1.29867553711,22.9646925521
18.8166666667,2.32620707135,51.8466070557,1.29859924316,22.9660306902
18.8333333333,2.32647319731,51.8049154663,1.29859924316,22.9660306902
18.85,2.32620707135,51.8466070557,1.29844665527,22.9687072314
18.8666666667,2.32806995311,51.8466070557,1.29859924316,22.9660306902
18.8833333333,2.32647319731,51.8466070557,1.29859924316,22.9660306902
18.9,2.32780382714,51.8466070557,1.29875183105,22.9633545023
18.9166666667,2.32727157521,51.888298645,1.29859924316,22.9660306902
18.9333333333,2.32860220504,51.8049154663,1.29852294922,22.9673689166
18.95,2.32913445698,51.8466070557,1.29859924316,22.9660306902
18.9666666667,2.33019896084,51.8466070557,1.29844665527,22.9687072314
18.9833333333,2.33152959067,51.763223877,1.29837036133,22.9700456345
19,2.33126346471,51.8466070557,1.29844665527,22.9687072314
19.0166666667,2.33099733874,51.763223877,1.29821777344,22.9727227058
19.0333333333,2.33339247244,51.8049154663,1.29829406738,22.971384126
19.05,2.33419085034,51.763223877,1.29837036133,22.9700456345
19.0666666667,2.3328602205,51.8466070557,1.29837036133,22.9700456345
19.0833333333,2.33259409454,51.763223877,1.29844665527,22.9687072314
19.1,2.3328602205,51.8466070557,1.29837036133,22.9700456345
19.1166666667,2.33259409454,51.8466070557,1.29852294922,22.9673689166
19.1333333333,2.33312634647,51.8466070557,1.29844665527,22.9687072314
19.15,2.33259409454,51.888298645,1.29844665527,22.9687072314
19.1666666667,2.33339247244,51.8049154663,1.29844665527,22.9687072314
19.1833333333,2.33392472437,51.8049154663,1.29837036133,22.9700456345
19.2,2.33339247244,51.8466070557,1.29829406738,22.971384126
19.2166666667,2.33552148017,51.8049154663,1.29814147949,22.9740613739
19.2333333333,2.3360537321,51.8049154663,1.29837036133,22.9700456345
19.25,2.3344569763,51.763223877,1.29829406738,22.971384126
19.2666666667,2.3360537321,51.8049154663,1.29821777344,22.9727227058
19.2833333333,2.33738436193,51.7215322876,1.29837036133,22.9700456345
19.3,2.33738436193,51.763223877,1.29844665527,22.9687072314
19.3166666667,2.34057787353,51.8466070557,1.29837036133,22.9700456345
19.3333333333,2.34004562159,51.8049154663,1.29821777344,22.9727227058
19.35,2.34190850336,51.763223877,1.29829406738,22.971384126
19.3666666667,2.34137625143,51.763223877,1.29844665527,22.9687072314
19.3833333333,2.34323913319,51.8049154663,1.29814147949,22.9740613739
19.4,2.34244075529,51.763223877,1.29837036133,22.9700456345
19.4166666667,2.34270688126,51.8466070557,1.29852294922,22.9673689166
19.4333333333,2.34377138512,51.888298645,1.29837036133,22.9700456345
19.45,2.34456976302,51.8049154663,1.29837036133,22.9700456345
19.4666666667,2.34483588899,51.8466070557,1.29844665527,22.9687072314
19.4833333333,2.34510201495,51.763223877,1.29814147949,22.9740613739
19.5,2.34483588899,51.8049154663,1.29806518555,22.9754001305
19.5166666667,2.34510201495,51.8049154663,1.29821777344,22.9727227058
19.5333333333,2.34696489672,51.8049154663,1.29806518555,22.9754001305
19.55,2.34776327462,51.763223877,1.29814147949,22.9740613739
19.5666666667,2.34802940058,51.8049154663,1.29814147949,22.9740613739
19.5833333333,2.34882777848,51.8049154663,1.29806518555,22.9754001305
19.6,2.34962615638,51.8049154663,1.29806518555,22.9754001305
19.6166666667,2.35521480167,51.8049154663,1.29821777344,22.9727227058
19.6333333333,2.35069066025,51.888298645,1.29829406738,22.971384126
19.65,2.34829552655,51.8049154663,1.29814147949,22.9740613739
19.6666666667,2.36027119503,51.8049154663,1.29837036133,22.9700456345
19.6833333333,2.34829552655,51.763223877,1.29837036133,22.9700456345
19.7,2.35015840831,51.7215322876,1.29829406738,22.971384126
19.7166666667,2.35148903814,51.8466070557,1.29829406738,22.971384126
19.7333333333,2.35095678621,51.8049154663,1.29821777344,22.9727227058
19.75,2.35202129008,51.8049154663,1.29814147949,22.9740613739
19.7666666667,2.35308579394,51.763223877,1.29821777344,22.9727227058
19.7833333333,2.35335191991,51.8049154663,1.2979888916,22.9767389754
19.8,2.35069066025,51.8049154663,1.29821777344,22.9727227058
19.8166666667,2.34989228235,51.8049154663,1.29814147949,22.9740613739
19.8333333333,2.35042453428,51.8049154663,1.29814147949,22.9740613739
19.85,2.35069066025,51.8049154663,1.2979888916,22.9767389754
19.8666666667,2.35228741604,51.763223877,1.2979888916,22.9767389754
19.8833333333,2.35281966798,51.8049154663,1.29806518555,22.9754001305
19.9,2.35335191991,51.8049154663,1.2979888916,22.9767389754
19.9166666667,2.35308579394,51.8466070557,1.29791259766,22.9780779088
